meilleur rÃ©seau after oredoo :p,positive,2018-01-12T15:08:04+0000,https://www.facebook.com/298166859034_10156001130499035
ma7lekom,positive,2018-01-12T17:05:51+0000,https://www.facebook.com/298166859034_10156001130499035
Yekhi sociÃ©tÃ© mondiale kif orange w rÃ©seaux mte3kimm yesser faible  c'est grave walahh :3,positive,2018-01-12T15:17:11+0000,https://www.facebook.com/298166859034_10156001130499035
Ø¨Ø±Ø¨ÙŠ Ø¹Ù†Ø¯ÙŠ Ø³Ø¤Ø§Ù„.....Ø§Ù„ØªÙ„ÙŠÙÙˆÙ† ÙƒÙŠ ÙŠÙ‡Ø²Ùˆ technicien Ù‚Ø¯Ø§Ù‡ ÙŠÙ„Ø²Ù…Ùˆ ÙˆÙ‚Øª Ø¨Ø§Ø´ ÙŠØªØµÙ„Ø­ØŸ,positive,2018-01-12T14:12:40+0000,https://www.facebook.com/298166859034_10156001130499035
chbiha el clÃ© dima mate5dimch ma tconectich reseau 7alaaa fi mannouba,positive,2018-01-12T14:49:38+0000,https://www.facebook.com/298166859034_10156001130499035
Brabi andi question andi puse orange est deverouille kali code puk wena nsitou chnowa na3mel svp,positive,2018-01-12T14:33:27+0000,https://www.facebook.com/298166859034_10156001130499035
Ye5i ni nchargi el clÃ© 3g ma3adech ne5ou des points merci !?,positive,2018-01-12T15:09:38+0000,https://www.facebook.com/298166859034_10156001130499035
Aman yekhi fama orange fi bizert ala khater el rÃ©seaux trÃ©s faible,positive,2018-01-12T18:13:52+0000,https://www.facebook.com/298166859034_10156001130499035
service 7alla 7lila :(,positive,2018-01-12T18:21:48+0000,https://www.facebook.com/298166859034_10156001130499035
Prix svpl,positive,2018-01-12T17:18:24+0000,https://www.facebook.com/298166859034_10156001130499035
Ø§Ù†Ø­Ø¨ Ù†Ø±Ø¨Ø­ Ø¨Ù„ÙˆÙ„ÙŠ ÙƒÙØ´,positive,2018-01-12T18:03:41+0000,https://www.facebook.com/298166859034_10156001130499035
Ø§Ù†Ø­Ø¨ Ø§Ù†Ø´Ø§Ø±Ùƒ Ù…Ø¹Ø§ÙƒÙ… ÙÙ‡Ù…ÙˆÙ†ÙŠ Ø¨Ø´ Ù†Ø±Ø¨Ø­ ØªØ§Ù„ÙŠÙÙˆÙ†,positive,2018-01-12T14:39:53+0000,https://www.facebook.com/298166859034_10156001130499035
bÃ©hin,positive,2018-01-12T16:49:04+0000,https://www.facebook.com/298166859034_10156001130499035
NHEB NIRBAH,positive,2018-01-12T18:00:48+0000,https://www.facebook.com/298166859034_10156001130499035
Ù†Ø­Ø¨ Ù†Ø´Ø§Ø±Ùƒ Ù…Ø¹Ø§ÙƒÙ…,positive,2018-01-12T15:15:50+0000,https://www.facebook.com/298166859034_10156001130499035
reseaux te3eb,positive,2018-01-12T14:32:38+0000,https://www.facebook.com/298166859034_10156001130499035
Prix svp,positive,2018-01-12T14:31:43+0000,https://www.facebook.com/298166859034_10156001130499035
Ù†Ø­Ø¨ Ù†Ø´Ø§Ø±Ùƒ Ù…Ø¹Ø§ÙƒÙ… ÙÙ‡Ù…ÙˆÙ†ÙŠ Ø¨Ø´ Ù†Ø±Ø¨Ø­ ØªØ§Ù„ÙŠÙÙˆÙ†,positive,2018-01-12T14:29:25+0000,https://www.facebook.com/298166859034_10156001130499035
Ba9dach,positive,2018-01-12T14:11:53+0000,https://www.facebook.com/298166859034_10156001130499035
B9adah,positive,2018-01-12T13:55:37+0000,https://www.facebook.com/298166859034_10156001130499035
Prix,positive,2018-01-12T17:59:13+0000,https://www.facebook.com/298166859034_10156001130499035
Prix,positive,2018-01-12T14:55:52+0000,https://www.facebook.com/298166859034_10156001130499035
prix,positive,2018-01-12T14:01:18+0000,https://www.facebook.com/298166859034_10156001130499035
Prix,positive,2018-01-12T13:55:45+0000,https://www.facebook.com/298166859034_10156001130499035
amane orange je suis une cliente chez vous inhibe nirbahe mara im3akom telephone ğŸ˜‰ğŸ˜‰ğŸ¤—ğŸ˜˜,positive,2018-01-12T18:24:38+0000,https://www.facebook.com/298166859034_10156001130499035
a7la jaw m3a a7la orange,positive,2018-01-12T14:02:38+0000,https://www.facebook.com/298166859034_10155999218699035
service el bortou9ala service fechel,positive,2018-01-12T14:01:56+0000,https://www.facebook.com/298166859034_10155999218699035
ti amo orange,positive,2018-01-12T14:01:43+0000,https://www.facebook.com/298166859034_10155999218699035
b9itou ken ta7kiw 7atta entouma,positive,2018-01-12T14:02:18+0000,https://www.facebook.com/298166859034_10155999218699035
merciii orange dia mzahyetna,positive,2018-01-12T13:37:32+0000,https://www.facebook.com/298166859034_10155999218699035
allah la traba7kem allah la tbarkelkem b9itou ken testaghnaw 3la dhhour zawÃ©li,positive,2018-01-12T13:39:56+0000,https://www.facebook.com/298166859034_10155999218699035
Ama ser9a mawjoud 7ram 3likom 1dt tetekel ma4ir manetkalem beha jme3a 9aleba ğŸ˜ ,positive,2018-01-12T14:25:08+0000,https://www.facebook.com/298166859034_10155999218699035
should i ...brother... thank god...a9wa 8oneyetğŸ”¥ğŸ”¥,positive,2018-01-11T18:33:22+0000,https://www.facebook.com/298166859034_10155999218699035
Waktech tebda l vente mtaa les tickets w kifeh najem nechri ?,positive,2018-01-12T13:06:20+0000,https://www.facebook.com/298166859034_10155999218699035
Kifech na3mel b 500 frank internet,positive,2018-01-11T19:21:43+0000,https://www.facebook.com/298166859034_10155999218699035
service 0000000,positive,2018-01-12T13:40:21+0000,https://www.facebook.com/298166859034_10155999218699035
Bech tbi3ou des billets ???,positive,2018-01-12T05:48:19+0000,https://www.facebook.com/298166859034_10155999218699035
bonsoir ..orang,positive,2018-01-11T21:06:11+0000,https://www.facebook.com/298166859034_10155999218699035
Lees priix,positive,2018-01-11T19:53:06+0000,https://www.facebook.com/298166859034_10155999218699035
Yeaaaah :*,positive,2018-01-11T18:27:41+0000,https://www.facebook.com/298166859034_10155999218699035
fechla orange aal hiit ken ser9a w cnx la 3ale9a raby yti7 fikem :p,positive,2018-01-12T13:38:58+0000,https://www.facebook.com/298166859034_10155999218699035
Hey Orange t7ebouchi ta3emlou kima telecom fi les points collaboration m3a zen w fatal ??? 5alina nab9aw nchaj3ou fikom,positive,2018-01-12T14:38:58+0000,https://www.facebook.com/298166859034_10155999218699035
â€¢ ÙŠØ§ ØµØ¨Ø§Ø­ Ø§Ù„Ø­Ø¨ ÙƒÙ„Ù‡ ÙˆØ´Ù…Ø³ Ø¹Ù…Ø±ÙŠ ÙˆØ¸Ù„Ù‡ .. Ù…Ù‡Ù…Ø§ ØªØºÙŠØ± Ø§Ù„Ø²Ù…Ø§Ù† Ø­Ø¨Ùƒ Ø£Ù†Øª ÙÙŠ Ù…Ø­Ù„Ù‡ â€¢ ØµØ¨Ø§Ø­ Ø§Ù„Ø­Ø¨ Ù…Ù† Ù‚Ù„Ø¨ Ø¹Ø´Ù‚ Ø±ÙˆØ­Ùƒ ÙˆØªÙ…Ù†Ø§Ù‡Ø§ .. Ø¹Ø´Ù‚ Ù‡Ù…Ø³Ùƒ Ø¹Ø´Ù‚ Ø®Ø·Ùƒ ÙˆÙ…Ø±Ø§Ø³ÙŠÙ„Ùƒ ØªØ­Ø±Ø§Ù‡Ø§,positive,2018-01-12T08:18:20+0000,https://www.facebook.com/298166859034_10155999218699035
we hate you orange,positive,2018-01-12T14:40:00+0000,https://www.facebook.com/298166859034_10155999218699035
les offres mahomch tayara :(,positive,2018-01-12T18:22:21+0000,https://www.facebook.com/298166859034_10155999218699035
Svp aprÃ¨s le tÃ©lÃ©chargement dâ€™app shnaemlou?,positive,2018-01-11T19:05:43+0000,https://www.facebook.com/298166859034_10155999218699035
orange is the best,positive,2018-01-12T18:15:45+0000,https://www.facebook.com/298166859034_10155999218699035
Waaaw,positive,2018-01-11T18:39:41+0000,https://www.facebook.com/298166859034_10155999218699035
Ena mel fan mte3 Orange 5ir men oreedooo â¤,positive,2018-01-12T14:23:34+0000,https://www.facebook.com/298166859034_10155999218699035
Hey Wafa cv wala yezi,positive,2018-01-12T14:35:44+0000,https://www.facebook.com/298166859034_10155999218699035
3andy lpus mte3y mazelet jdyda amma la yemchy la google la play store la app store la chy yemchy fyha just facebook ...a3mlou mzeyya riglouli pus mte3yğŸ˜’ğŸ˜’,positive,2018-01-11T17:19:49+0000,https://www.facebook.com/298166859034_10155998334119035
j'ai vu une annonce de recrutement de 1000 diplomÃ©s  est qu'il y a plus de dÃ©tails !!,positive,2018-01-11T15:13:20+0000,https://www.facebook.com/298166859034_10155998334119035
Ki nabda 3amla sos crÃ©dit w ma3andich flous fel talifuun w Ena nheb naamel sos crÃ©dit okhra chnowa yelzemni naamel,positive,2018-01-11T16:06:06+0000,https://www.facebook.com/298166859034_10155998334119035
Orange brabi 3andi 8neya fi talifouni eli iotlobni isma7a brabi n7eb ena7iha svp,positive,2018-01-11T11:55:28+0000,https://www.facebook.com/298166859034_10155998334119035
Brabi chrit puce jdida kifach n'activiha,positive,2018-01-12T10:31:22+0000,https://www.facebook.com/298166859034_10155998334119035
Ki nji na3mel transfert y9oli solde insuffisant,positive,2018-01-11T12:10:57+0000,https://www.facebook.com/298166859034_10155998334119035
N7eb ne7i forfait 7 jour kfeh?,positive,2018-01-11T16:02:57+0000,https://www.facebook.com/298166859034_10155998334119035
Ana ne7b ejni bonus,positive,2018-01-11T17:40:44+0000,https://www.facebook.com/298166859034_10155998334119035
Ø¨Ø§Ù„Ù„Ù‡ Ù†Ø­Ø¨ Ù†Ø³Ø£Ù„Ùƒ Ø¹Ø§Ù„ wifi Ù‡Ø°Ø§ØŸØŸ,positive,2018-01-11T12:52:36+0000,https://www.facebook.com/298166859034_10155998334119035
Merci beaucoup orange dima na3melha ki el forfait Ã©puisÃ©ğŸ‘,positive,2018-01-11T12:02:22+0000,https://www.facebook.com/298166859034_10155998334119035
Nhebo ala points bech nsarfohom w nechriw bih hwayej yhedikom 9alo tehdi lel ahbeb !!!!!,positive,2018-01-11T10:02:48+0000,https://www.facebook.com/298166859034_10155998334119035
,positive,2018-01-11T11:25:02+0000,https://www.facebook.com/298166859034_10155998334119035
,positive,2018-01-11T11:24:21+0000,https://www.facebook.com/298166859034_10155998334119035
ïºï»Ÿïº˜ï»´ï»œïºï»± ïº¯ïºïº©ïº• 50 ï»“ïº®ï»§ï»š ï»­ ïºï»Ÿï»œïºïº­ïº• 200 ï»­ï»«ï»® ï»³ï»˜ï» ï»² ïº·ïº®ïºŸï»² ïº—ïº®ïº‘ïº¢ ï»›ï»®ï»§ï»œïº˜ï»² ïº—ïº®ïº‘ïº¢ ïº‘ïº®ïº ï»» ïº—ïº®ïº‘ïº¤ï»š,positive,2018-01-11T15:09:18+0000,https://www.facebook.com/298166859034_10155998334119035
,positive,2018-01-11T12:26:50+0000,https://www.facebook.com/298166859034_10155998334119035
,positive,2018-01-11T12:26:45+0000,https://www.facebook.com/298166859034_10155998334119035
,positive,2018-01-11T12:25:29+0000,https://www.facebook.com/298166859034_10155998334119035
Ø­ØªÙ‰ Ù†Ø§Ù‚Ø§Ù‡Ø§ Ù„Ø±ÙˆØ­ÙŠ ÙˆØ­ØªÙ‰ ØªØ®Ù„ÙŠÙˆ ÙÙŠÙ‡ Ø­Ø§Ø¬Ø© Ø§Ù„ÙÙˆØ±ÙØ§ÙŠ Ø¨Ø§Ø´ Ù†Ø®Ù„ØªÙˆ Ù†Ù‡Ø¯ÙŠÙˆÙ‡,positive,2018-01-11T13:17:02+0000,https://www.facebook.com/298166859034_10155998334119035
,positive,2018-01-11T12:05:38+0000,https://www.facebook.com/298166859034_10155998334119035
orange dima mfar7etna :D merci orange <3,positive,2018-01-12T17:56:59+0000,https://www.facebook.com/298166859034_10155998334119035
Famach pus orange blach,positive,2018-01-11T17:24:48+0000,https://www.facebook.com/298166859034_10155998334119035
OkğŸ‘,positive,2018-01-11T17:29:33+0000,https://www.facebook.com/298166859034_10155998334119035
Tam,positive,2018-01-11T15:17:17+0000,https://www.facebook.com/298166859034_10155998334119035
,positive,2018-01-11T11:42:20+0000,https://www.facebook.com/298166859034_10155998334119035
merci orange ğŸ˜,positive,2018-01-12T18:22:21+0000,https://www.facebook.com/298166859034_10155998334119035
ØªÙŠ Ù‡Ùˆ Ø­ØªÙ‰ Ù†ÙŠÙ…Ø±ÙˆÙŠØ§ Ù…Ø§ Ù†Ø¹Ø±ÙÙˆØ´ ÙƒÙŠÙ Ø§Ù†Ø¬ÙŠ Ø¨Ø§Ø´ Ø§Ù†ØµØ¨ ÙƒØ§Ø±Ø·Ø© Ù†Ø·Ù„Ø¨ 123 Ø¨Ø§Ø´ ÙŠÙÙƒØ±Ù†ÙŠ ÙÙŠ Ø§Ù„Ù†ÙŠÙ…Ø±Ùˆ ÙˆØ¯ÙŠÙ…Ø§ Ù†Ù†Ø³Ø§Ù‡...Ø­ØªÙ‰ Ù‡Ùˆ ÙƒÙ„ Ø´ÙŠ ÙŠÙ†Ø³Ù‘ÙŠ Ø­ØªÙ‰ ÙÙŠ Ø§Ù„Ø§Ø³Ù…,positive,2018-01-10T19:14:13+0000,https://www.facebook.com/298166859034_10155996850994035
,positive,2018-01-10T19:28:56+0000,https://www.facebook.com/298166859034_10155996850994035
,positive,2018-01-10T20:37:34+0000,https://www.facebook.com/298166859034_10155996850994035
Ø¹Ù„Ø§Ø´ Ù…Ø§ ØªØ¹Ù…Ù„ÙˆØ´ Ø±ÙˆØ´Ø§Ø±Ø¬ Ø­Ø³Ø¨ Ø¹Ø¯Ø¯ Ø§Ù„ÙƒÙˆÙ…Ù†ØªØ§Ø±Ø§Øª Ùˆ Ø§Ù„Ø§ Ø§Ù„Ø¬Ø§Ù…Ø§Øª ğŸ˜ˆğŸ˜ˆ,positive,2018-01-10T19:49:05+0000,https://www.facebook.com/298166859034_10155996850994035
ey ey brabi mnin yjiw :o,positive,2018-01-10T19:09:07+0000,https://www.facebook.com/298166859034_10155996850994035
J'ai achetÃ© en mois de dÃ©cembre un smartphone Huawei de boutique orange  Bardo Ã  369 dinars et ils m'ont que ce pack contient puce bouj et dÃ¨s la consommation de 5 dinars je bÃ©nÃ©ficie de 2 go internet le mois suivant. Le mois de janvier j'ai reÃ§u. J'ai fait une rÃ©clamation au service client Orange mais ils m'ont informÃ© que j'ai reÃ§u le bonus de 2go au mois de dÃ©cembre or j'ai rien reÃ§u.est ce que de l'arnaque ?,positive,2018-01-11T09:47:07+0000,https://www.facebook.com/298166859034_10155996850994035
"Ù„Ø§ØªÙ†Ø§Ù… Ù‚Ø¨Ù„ Ø§Ù† ØªÙ‚ÙˆÙ„
Ø§Ù„Ù„Ù‡Ù… Ø§Ø¬Ø±Ù†Ù‰ Ù…Ù† Ù…ÙˆØª Ø§Ù„ØºÙÙ„Ù‡ ÙˆÙ„Ø§ ØªØ£Ø®Ø°Ù†ÙŠ
Ù…Ù† Ø§Ù„Ø¯Ù†ÙŠØ§ Ø¥Ù„Ø§ ÙˆØ§Ù†Øª Ø±Ø§Ø¶ Ø¹Ù†ÙŠ
Ø±Ø¨ÙŠ Ù„Ø§ØªØ±ÙŠÙ†ÙŠ ÙÙŠ Ø§Ù‡Ù„ÙŠ ÙˆØ§Ø­Ø¨ØªÙŠ
Ø£ÙŠ Ù…ÙƒØ±ÙˆÙ‡â£
......Ø§Ø­Ø¨ØªÙŠ ÙØ¶Ù„Ø§ ÙˆÙ„ÙŠØ³ Ø§Ù…Ø±Ø§ Ù…Ù…ÙƒÙ† Ù…ØªØ§Ø¨Ø¹Ù‡ ØµÙØ­ØªÙŠ ÙˆÙŠØ³Ø¹Ø¯Ù†ÙŠ Ø­Ø¸ÙˆØ±ÙƒÙ… Ø§Ù„Ø¬Ù…ÙŠÙ„ğŸ˜Š
5E@ef",positive,2018-01-11T02:57:51+0000,https://www.facebook.com/298166859034_10155996850994035
,positive,2018-01-10T19:09:58+0000,https://www.facebook.com/298166859034_10155996850994035
,positive,2018-01-10T19:18:38+0000,https://www.facebook.com/298166859034_10155996850994035
haha,positive,2018-01-10T19:19:29+0000,https://www.facebook.com/298166859034_10155996850994035
,positive,2018-01-10T19:34:33+0000,https://www.facebook.com/298166859034_10155996850994035
,positive,2018-01-10T19:24:40+0000,https://www.facebook.com/298166859034_10155996850994035
,positive,2018-01-10T19:12:05+0000,https://www.facebook.com/298166859034_10155996850994035
Ä¤HHH OUI,positive,2018-01-10T19:55:54+0000,https://www.facebook.com/298166859034_10155996850994035
hh,positive,2018-01-10T19:26:17+0000,https://www.facebook.com/298166859034_10155996850994035
,positive,2018-01-11T07:39:20+0000,https://www.facebook.com/298166859034_10155996850994035
,positive,2018-01-11T07:39:27+0000,https://www.facebook.com/298166859034_10155996850994035
Hhh,positive,2018-01-10T19:13:39+0000,https://www.facebook.com/298166859034_10155996850994035
Ù‡Ù‡Ù‡Ù‡Ù‡Ù‡Ù‡Ù‡Ù‡Ù‡Ù‡ Ø­ØªÙ‰ Ø£Ù†Ø§ ØªØµÙŠØ±Ù„Ù‰,positive,2018-01-11T07:42:01+0000,https://www.facebook.com/298166859034_10155996850994035
WeğŸ˜‚,positive,2018-01-10T19:10:21+0000,https://www.facebook.com/298166859034_10155996850994035
ØªØ§Ø¹Ø¨ Ø´ÙˆÙŠ ØªÙˆ,positive,2018-01-10T19:23:47+0000,https://www.facebook.com/298166859034_10155996850994035
Ù‡ÙŠÙ‡,positive,2018-01-10T19:16:35+0000,https://www.facebook.com/298166859034_10155996850994035
,positive,2018-01-10T21:28:29+0000,https://www.facebook.com/298166859034_10155996850994035
,positive,2018-01-10T20:32:31+0000,https://www.facebook.com/298166859034_10155996850994035
Mnin jaw s7i7,positive,2018-01-10T19:47:20+0000,https://www.facebook.com/298166859034_10155996850994035
"Bonjour orange 
Je veux s'informer Ã  propos la disponibilitÃ© d'iphone 6  , son   prix et si je peux la porter par facilitÃ© ou s'il y a d'exception pour les utilisateurs de rÃ©seau orange ((j'ai plus de 10 ans utilusons la mÃªme ligne orange))",positive,2018-01-12T08:42:06+0000,https://www.facebook.com/298166859034_10155996291984035
Najem nechrih bel fasilite w ken najem kifech lezemni na3mel,positive,2018-01-12T12:30:05+0000,https://www.facebook.com/298166859034_10155996291984035
Mazel fama flybox w fih 2 mois gratuit,positive,2018-01-10T18:25:44+0000,https://www.facebook.com/298166859034_10155996291984035
B9adech,positive,2018-01-10T22:18:54+0000,https://www.facebook.com/298166859034_10155996291984035
bonjour,positive,2018-01-10T19:55:21+0000,https://www.facebook.com/298166859034_10155996291984035
9Adeh soum emta3o heda,positive,2018-01-10T21:10:57+0000,https://www.facebook.com/298166859034_10155996291984035
9Adeh soum emta3o heda,positive,2018-01-10T19:20:16+0000,https://www.facebook.com/298166859034_10155996291984035
Bonjour smartphone iphoneX,positive,2018-01-10T21:03:38+0000,https://www.facebook.com/298166859034_10155996291984035
Bonjour Smartphone  iPhoneX ğŸ¤—ğŸ˜,positive,2018-01-10T18:11:46+0000,https://www.facebook.com/298166859034_10155996291984035
Prix svp,positive,2018-01-10T17:02:13+0000,https://www.facebook.com/298166859034_10155996291984035
comment cava...mes amieğŸŒ·,positive,2018-01-11T21:17:07+0000,https://www.facebook.com/298166859034_10155996291984035
fama telephounet 8ir l iphone,positive,2018-01-11T14:29:33+0000,https://www.facebook.com/298166859034_10155996291984035
Njim nichri bel facileti?,positive,2018-01-11T09:51:18+0000,https://www.facebook.com/298166859034_10155996291984035
Bonjour Orange.,positive,2018-01-11T07:33:19+0000,https://www.facebook.com/298166859034_10155996291984035
ØµØ¨Ø§Ø­.  Ø§Ù„Ø®ÙŠØ±. Prix,positive,2018-01-11T05:53:46+0000,https://www.facebook.com/298166859034_10155996291984035
Ø«Ù…Ø´ Ø¥Ù…ÙƒØ§Ù†ÙŠØ© Ø¹Ù„Ù‰ Ø·Ø±ÙŠÙ‚ Ø§Ù„ÙˆØ¯Ø§Ø¯ÙŠØ©,positive,2018-01-10T23:15:16+0000,https://www.facebook.com/298166859034_10155996291984035
Prix svp,positive,2018-01-10T21:43:20+0000,https://www.facebook.com/298166859034_10155996291984035
Bonjour,positive,2018-01-10T21:18:45+0000,https://www.facebook.com/298166859034_10155996291984035
bonjour,positive,2018-01-10T20:30:57+0000,https://www.facebook.com/298166859034_10155996291984035
Bonjour Smartphone.x,positive,2018-01-10T20:16:32+0000,https://www.facebook.com/298166859034_10155996291984035
Bonjour.smartphone.x,positive,2018-01-10T19:10:11+0000,https://www.facebook.com/298166859034_10155996291984035
bonjour orange,positive,2018-01-10T19:07:41+0000,https://www.facebook.com/298166859034_10155996291984035
Bonjour,positive,2018-01-10T17:59:32+0000,https://www.facebook.com/298166859034_10155996291984035
Benjour,positive,2018-01-10T17:56:39+0000,https://www.facebook.com/298166859034_10155996291984035
Svp prix samsung grand prime j7,positive,2018-01-10T17:17:42+0000,https://www.facebook.com/298166859034_10155996291984035
ma famesh huawei mate 10 lite lel rebeh wala S8 !!! wala Iphone X dima bou dharouhh !,positive,2018-01-09T20:50:25+0000,https://www.facebook.com/298166859034_10155994451819035
"vous dises que le tirage et par dÃ©faut, mais oui le tirage et rÃ©glÃ© par dÃ©faut de la classe sociale",positive,2018-01-09T19:45:28+0000,https://www.facebook.com/298166859034_10155994451819035
Kol marra in9oul aka7aw ma3adech incherek w kif al3eb imli7 in9ou tawa erba7 ama dima pas de chance avec orange,positive,2018-01-09T19:26:07+0000,https://www.facebook.com/298166859034_10155994451819035
el wa7ed 3omrou kemel yal3ab el taw la rbe7 za3ma 3lech??? heda el kol ezhar ma famech,positive,2018-01-12T14:09:40+0000,https://www.facebook.com/298166859034_10155994451819035
Ø§Ù„Ø³Ù„Ø§Ù… Ø£ÙˆØ±Ù†Ø¬ Ø´Ø§Ø±ÙƒØª Ø§Ù„Ù…Ø±Ø© Ø§Ù„Ø³Ø§Ø¨Ù‚Ø© ÙˆÙ‡Ø§Ù†ÙŠ Ø¹Ø§ÙˆØ¯Øª Ø¨ØªØ§Ù… ÙˆØ¥Ù†Ø´Ø§Ø¡Ø§Ù„Ù„Ù‡ Ù…Ø±Ø¨ÙˆØ­Ø© ÙˆÙ…Ø¨Ø±ÙˆÙƒ Ù„ÙƒÙ„ Ø§Ù„Ù…Ø´Ø§Ø±ÙƒÙŠÙ† ÙˆØ§Ù„ÙØ§Ø¦Ø²ÙŠÙ†,positive,2018-01-10T11:36:33+0000,https://www.facebook.com/298166859034_10155994451819035
El bled kolha tehaiel wekhedeb fama haja blech yebta filhabta welfehem yefhem,positive,2018-01-10T10:55:04+0000,https://www.facebook.com/298166859034_10155994451819035
Ø§Ù„Ø³Ù„Ø§Ù… Ø£ÙˆØ±Ù†Ø¬ Ø´Ø§Ø±ÙƒØª Ø§Ù„Ù…Ø±Ø© Ø§Ù„Ø³Ø§Ø¨Ù‚Ø© ÙˆÙ‡Ø§Ù†ÙŠ Ø¹Ø§ÙˆØ¯Øª Ø¨ØªØ§Ù… ÙˆØ¥Ù†Ø´Ø§Ø¡Ø§Ù„Ù„Ù‡ Ù…Ø±Ø¨ÙˆØ­Ø© ÙˆÙ…Ø¨Ø±ÙˆÙƒ Ù„ÙƒÙ„ Ø§Ù„Ù…Ø´Ø§Ø±ÙƒÙŠÙ† ÙˆØ§Ù„ÙØ§Ø¦Ø²ÙŠÙ†,positive,2018-01-10T09:02:22+0000,https://www.facebook.com/298166859034_10155994451819035
ÙˆØ§Ù„Ù„Ù‡ Ø§Ù„Ø¹Ø¸ÙŠÙ… ØªØ¹Ø·ÙŠÙˆ ÙÙŠ Ø§Ù„ÙƒØ§Ø¯ÙˆØ§Øª Ø¨Ø§Ù„ÙˆØ¬ÙˆÙ‡ ØµØ­Ø© Ù„ÙŠÙƒÙ… ÙˆØ§Ø­Ù†Ø§ Ù…Ù†Ø±Ø¨Ø­ÙˆØ´ Ø­ØªÙ‰ Ø´ÙŠ Ø¹Ù„Ù‡,positive,2018-01-10T06:26:15+0000,https://www.facebook.com/298166859034_10155994451819035
Ø¨Ø§Ù„Ù‡Ù†Ø§Ø¡ Ù„Ù„ÙŠ ÙŠØ±Ø¨Ø­ Ø²Ù‡ÙˆØ±Ø§Øª Ø¹Ù†Ø¯ÙŠ Ø®Ù…Ø³ Ø³Ù†ÙŠÙ† Ù…Ø±Ø¨Ø­Øª ÙˆØ§Ù„Ùˆ Ø§Ù‡ Ù„Ùˆ Ù„Ø¹Ø¨Øª ÙŠØ§ Ø°Ù‡Ø±,positive,2018-01-09T23:31:39+0000,https://www.facebook.com/298166859034_10155994451819035
Kifach yareb7ou hadhou ğŸ˜‚ğŸ˜‚ğŸ˜‚ . Dima na3mel fi des commentaires wltaw la sodfet ğŸ˜‚ğŸ˜‚,positive,2018-01-09T20:35:07+0000,https://www.facebook.com/298166859034_10155994451819035
Elkolkom tekdboe jayben wahda men andra wen wta3mle fi echhar kdb fikdeb,positive,2018-01-10T09:00:44+0000,https://www.facebook.com/298166859034_10155994451819035
Wa9tech rabi ysahel w nbadel teliphouni 3la ydikom ya Orange,positive,2018-01-09T19:01:10+0000,https://www.facebook.com/298166859034_10155994451819035
ÙˆØ§Ù„Ù„Ù‡ Ø§Ù„Ø¹Ø¸ÙŠÙ… ØªØ¹Ø·ÙŠÙˆ ÙÙŠ Ø§Ù„ÙƒØ§Ø¯ÙˆØ§Øª Ø¨Ø§Ù„ÙˆØ¬ÙˆÙ‡ ØµØ­Ø© Ù„ÙŠÙƒÙ… Ø¹Ø¯ÙŠØªÙˆÙ‡Ø§ Ø¹Ù„ÙŠÙ†Ø§,positive,2018-01-09T20:53:52+0000,https://www.facebook.com/298166859034_10155994451819035
Ta9rib ahna 9oudamna blaka ma chafounech soubhan.allah,positive,2018-01-09T19:39:29+0000,https://www.facebook.com/298166859034_10155994451819035
Dima ncharek wala marra raba7touniğŸ™ğŸ™ğŸ™ğŸ™,positive,2018-01-09T22:03:29+0000,https://www.facebook.com/298166859034_10155994451819035
Ø§Ù„Ø±Ø¨Ø­ Ø¨Ø§Ù„ÙˆØ¬ÙˆÙ‡.......,positive,2018-01-10T05:58:22+0000,https://www.facebook.com/298166859034_10155994451819035
Ø§Ù„Ø±Ø¨Ø­ Ø¨Ø§Ù„ÙˆØ¬ÙˆÙ‡.......,positive,2018-01-09T19:30:35+0000,https://www.facebook.com/298166859034_10155994451819035
Ø¹Ù…Ù„Øª 100 ÙƒÙ…Ù†ØªØ§Ø± ÙˆØ§Ù„Ø·ÙÙ„Ø© Ù‡Ø§Ø°ÙŠ Ø¹Ù…Ø±ÙŠ Ù„Ø§ Ø±ÙŠØªÙ‡Ø§ ÙÙŠ ÙƒÙ…Ù†ØªØ§Ø± Ù…Ù„Ø§ ÙƒØ°Ø¨,positive,2018-01-09T20:10:21+0000,https://www.facebook.com/298166859034_10155994451819035
Merci  infiniment  orange  pour  le  cadeau  :*,positive,2018-01-11T15:27:47+0000,https://www.facebook.com/298166859034_10155994451819035
Ø¥Ù† Ø´Ø§Ø¡ Ø§Ù„Ù„Ù‡ Ù†Ø±Ø¨Ø­ ÙƒÙŠÙÙ‡Ù…,positive,2018-01-10T08:40:54+0000,https://www.facebook.com/298166859034_10155994451819035
Bnj belehy kifeh na3mel dÃ©sactivÃ© l offre sama3ni,positive,2018-01-10T11:06:56+0000,https://www.facebook.com/298166859034_10155994451819035
Slm Brabi kifach na3mel l offer sama3ni,positive,2018-01-11T19:41:09+0000,https://www.facebook.com/298166859034_10155994451819035
Enheb encherek ama kifech ma fhemtech ?,positive,2018-01-10T08:13:02+0000,https://www.facebook.com/298166859034_10155994451819035
KEN ENA MARBI7TICH MANA3RIFCH 3LECH HHHHH,positive,2018-01-10T11:21:35+0000,https://www.facebook.com/298166859034_10155994451819035
Chbeha li reb7et moch 3mla cmnt,positive,2018-01-09T22:56:52+0000,https://www.facebook.com/298166859034_10155994451819035
ÙŠØ§Ø®ÙŠ Ø´Ø¨ÙŠÙ‡Ø© Ø§Ù„Ø§Ù†ØªØ±Ù†Øª Ø¨Ø§Ø¯Øª ØªÙ‚Øµ Ø§Ù„Ø´Ù‡Ø± Ù‡Ø°Ø§ ÙƒØ§Ù† Ø§Ù„ÙÙŠØ³ÙˆØ¨Ùƒ ÙˆØ§Ù„ÙŠÙˆØªÙŠÙˆØ¨ Ø§Ù„Ù…ÙˆØ§Ù‚Ø¹ Ø§Ù„Ø§Ø®Ø±Ù‰ Ù…Ø§ØªØ­Ø¨Ø´ ØªØ¯Ø®Ù„ ÙƒØ§Ù† Ø¨Ø§Ù„Ø³ÙŠÙ ÙŠØ§Ø®ÙŠ Ø¨Ø¯ÙŠØªÙˆ ØªØ·Ø¨Ù‚Ùˆ ÙÙŠ Ø­ÙŠØ§Ø¯ÙŠØ© Ø§Ù„Ø§Ù†ØªØ±Ù†Øª Ù…Ù† ØªÙˆ Ø§Ù†Ø§ Ø¨ØµØ±Ø§Ø­Ø© Ù†Ø®Ù…Ù… ÙŠØ§Ø³Ø± Ø¨Ø´ Ù†Ù‚ØµÙ‡Ø§ Ø®Ù„Ø§Øµ Ø§Ù„ÙˆØ§Ø­Ø¯ Ù‚Ø§Ø¹Ø¯ ÙŠØ¯ÙØ¹ ÙÙŠ 35 Ø¯ÙŠÙ†Ø§Ø± ÙˆÙ…Ø§Ø­Ø¨ÙŠØªØ´ Ù†Ø¹Ù…Ù„ Ø¨ÙˆÙ†ÙŠØ³ Ø¨Ø§Ù„Ø¹Ø§Ù†ÙŠ Ø¨Ø´ Ù…Ø§ØªØµÙŠØ±Ù„ÙŠØ´ Ù…Ø´Ø§ÙƒÙ„ Ø²ÙŠ Ù‡Ø°ÙŠ Ù…Ø¹Ù†ØªÙ‡Ø§ Ø§Ù„Ø¹Ø§Ù… Ø§Ù„Ù„ÙŠ ÙØ§Øª Ø¯Ø§ÙØ¹ 90 Ø¯ÙŠÙ†Ø§Ø± Ø²Ø§ÙŠØ¯Ø© ÙˆÙ…Ù† Ø¨Ø¹Ø¯ ÙŠÙ‚ØµÙˆ Ø¹Ù„ÙŠÙƒ ØªØµÙØ­ Ø§Ù„Ù…ÙˆØ§Ù‚Ø¹ Ø´Ù†ÙˆØ§ Ù‡Ø°Ø§ ÙŠØ§Ø®ÙŠ,positive,2018-01-09T17:01:41+0000,https://www.facebook.com/298166859034_10155994016649035
Slt brabi Ena sa3at yabda 3andy connexion fi talifoni w ki thelha mathebech tekhdem w waketha Ena mazelet ki amaletha,positive,2018-01-11T16:21:36+0000,https://www.facebook.com/298166859034_10155994016649035
orange belehi 3andi puce manarfch echkoun badali reseau radhali ooredoo tnjmchi traja3ohali orange reseau,positive,2018-01-09T17:48:19+0000,https://www.facebook.com/298166859034_10155994016649035
Slt.brabi n7eb nbedel offre mn num offre t'habel.chnowa lcode svp !?,positive,2018-01-09T15:33:22+0000,https://www.facebook.com/298166859034_10155994016649035
Ø¨Ù„Ø§Ù‡ÙŠ Ù†Ø­Ø¨ Ù†Ø³Ù‡Ù„ÙƒÙ… Ø£Ù†Ù‡Ùˆ Ø£Ø­Ø³Ù† Ø¹Ø±Ø¶ ÙÙŠ orange Ø¨Ù„Ø§Ù‡ÙŠ,positive,2018-01-10T09:04:43+0000,https://www.facebook.com/298166859034_10155994016649035
ÙƒÙŠÙØ§Ø´ Ù‡Ø°ÙŠ Ø¨Ø±Ø¨ÙŠ ØŸØŸ,positive,2018-01-09T18:49:59+0000,https://www.facebook.com/298166859034_10155994016649035
Ø¨Ø§Ø´ Ù†Ù‚Øµ Ù…Ø¹ Ø§ÙˆØ±Ù†Ø¬ Ù†ØµØ¨ Ø®Ù…Ø³Ø© Ø¯Ù†Ø§Ù†ÙŠØ± Ø¨Ø¹Ø¯ Ø±Ø¨Ø¹ Ø³Ø§Ø¹Ø© Ù…Ù„Ù‚Ù‰ ÙƒØ§Ù† Ø¯ÙŠÙ†Ø§Ø± Ø§Ø´Ù†ÙˆÙ‡ Ù‡Ø°Ø§ Ø³Ø±Ù‚Ø© ÙˆØ§Ù„Ø§ Ø§Ø´Ù†ÙˆØ© ÙˆÙ…Ø§ ØªÙƒÙ„Ù…ØªØ´ Ø¬Ù…Ù„Ù‡ ÙˆÙ†Ø·Ù„Ø¨ 1111 Ù„Ø§ ÙŠÙ…ÙƒÙ† Ø§Ù„Ø­ØµÙˆÙ„ Ø§Ù„Ù…Ù‡Ù… ÙƒØ«Ø±Øª ÙƒØ§Ù† Ø§Ù„Ø³Ø±Ù‚Ø© Ø³ÙˆØ§Ø¡ ÙÙŠ Ø§Ù„Ø±ØµÙŠØ¯ Ø§Ùˆ Ø§Ù„Ø§Ù†ØªØ±Ù†Ø§Øª,positive,2018-01-11T22:23:35+0000,https://www.facebook.com/298166859034_10155994016649035
Ok ğŸ‘ğŸ‘,positive,2018-01-09T18:46:25+0000,https://www.facebook.com/298166859034_10155994016649035
,positive,2018-01-09T20:14:00+0000,https://www.facebook.com/298166859034_10155994016649035
,positive,2018-01-09T20:07:19+0000,https://www.facebook.com/298166859034_10155994016649035
"Kifeh nchouf poinet merci li 3andi 
Et merci ğŸ˜€",positive,2018-01-09T16:54:23+0000,https://www.facebook.com/298166859034_10155994016649035
a5i makomch nawine trab7ouni,positive,2018-01-10T11:07:03+0000,https://www.facebook.com/298166859034_10155994016649035
ØªÙ…,positive,2018-01-09T17:14:00+0000,https://www.facebook.com/298166859034_10155994016649035
,positive,2018-01-09T19:12:47+0000,https://www.facebook.com/298166859034_10155994016649035
Ø³Ù„Ø§Ù… ÙˆØ¹Ù„ÙŠÙƒÙ… Ø®ÙˆÙŠØ§ Ù„ÙŠØ®Ù„ÙŠÙƒ Ø¨ØºÙŠØª Ù†Ø¹Ø±Ø§Ù Ø§Ù„ÙÙˆØ±ÙÙŠ 99 Ø¯Ø±Ù‡Ù…,positive,2018-01-09T23:07:16+0000,https://www.facebook.com/298166859034_10155994016649035
Triste car j'ai pas gainer aucune chose avec Orange malgrÃ© que je suis client fidÃ¨le,positive,2018-01-08T19:09:24+0000,https://www.facebook.com/298166859034_10155991701199035
je me sens trÃ¨s triste car il y a des gens qui ne trouvent pas quoi manger au moment oÃ¹ il y a des gens qui disent qu'ils sont tristes car ils n'ont pas gagnÃ© un tÃ©lÃ©phone.,positive,2018-01-08T19:33:58+0000,https://www.facebook.com/298166859034_10155991701199035
Je me sentais trÃ¨s mal avant aujourd'hui je m en fous je vais partir Ã  la retraite,positive,2018-01-08T20:13:59+0000,https://www.facebook.com/298166859034_10155991701199035
Ã‡a sera juste 6 jours avant le weekend ğŸ˜€,positive,2018-01-08T19:09:33+0000,https://www.facebook.com/298166859034_10155991701199035
Mazel fama flybox mta3 56d w 2 mois gratuit,positive,2018-01-09T12:22:49+0000,https://www.facebook.com/298166859034_10155991701199035
PerturbÃ©,positive,2018-01-08T20:26:24+0000,https://www.facebook.com/298166859034_10155991701199035
je me sens caaaaaaalllmmmmmmeeeee :),positive,2018-01-08T20:23:17+0000,https://www.facebook.com/298166859034_10155991701199035
je me sens trÃ¨s heureux :D :D,positive,2018-01-08T20:07:47+0000,https://www.facebook.com/298166859034_10155991701199035
DegoutÃ©,positive,2018-01-08T19:09:15+0000,https://www.facebook.com/298166859034_10155991701199035
StressÃ©e,positive,2018-01-08T19:08:07+0000,https://www.facebook.com/298166859034_10155991701199035
Hyper bien,positive,2018-01-08T19:07:13+0000,https://www.facebook.com/298166859034_10155991701199035
FatiguÃ©e ğŸ˜‘,positive,2018-01-08T21:06:18+0000,https://www.facebook.com/298166859034_10155991701199035
En colÃ¨re,positive,2018-01-08T20:44:37+0000,https://www.facebook.com/298166859034_10155991701199035
N7eb orange,positive,2018-01-08T20:13:49+0000,https://www.facebook.com/298166859034_10155991701199035
Ø­Ø²ÙŠÙ†,positive,2018-01-08T19:15:36+0000,https://www.facebook.com/298166859034_10155991701199035
"Ø£Ø­Ù„Ø§ Ø¬ÙˆØ§ Ù…Ø¹ Ø§Ø­Ù„Ø§ Ø§ÙˆØ±Ù†Ø¬
Ø§Ù†Ø´Ø§Ø¡ Ø§Ù„Ù„Ù‡ ØªØ±Ø¨Ø­ Ù…Ø¹Ø§Ùƒ",positive,2018-01-10T10:00:14+0000,https://www.facebook.com/298166859034_10155991701199035
Triste car j'ai pas gainer aucune chose avec Orange malgrÃ© que je suis client fidÃ¨le ..,positive,2018-01-09T21:41:07+0000,https://www.facebook.com/298166859034_10155991701199035
"Ù„Ø§ØªÙ†Ø§Ù… Ù‚Ø¨Ù„ Ø§Ù† ØªÙ‚ÙˆÙ„
Ø§Ù„Ù„Ù‡Ù… Ø§Ø¬Ø±Ù†Ù‰ Ù…Ù† Ù…ÙˆØª Ø§Ù„ØºÙÙ„Ù‡ ÙˆÙ„Ø§ ØªØ£Ø®Ø°Ù†ÙŠ
Ù…Ù† Ø§Ù„Ø¯Ù†ÙŠØ§ Ø¥Ù„Ø§ ÙˆØ§Ù†Øª Ø±Ø§Ø¶ Ø¹Ù†ÙŠ
Ø±Ø¨ÙŠ Ù„Ø§ØªØ±ÙŠÙ†ÙŠ ÙÙŠ Ø§Ù‡Ù„ÙŠ ÙˆØ§Ø­Ø¨ØªÙŠ
Ø£ÙŠ Ù…ÙƒØ±ÙˆÙ‡â£
......Ø§Ø­Ø¨ØªÙŠ ÙØ¶Ù„Ø§ ÙˆÙ„ÙŠØ³ Ø§Ù…Ø±Ø§ Ù…Ù…ÙƒÙ† Ù…ØªØ§Ø¨Ø¹Ù‡ ØµÙØ­ØªÙŠ ÙˆÙŠØ³Ø¹Ø¯Ù†ÙŠ Ø­Ø¸ÙˆØ±ÙƒÙ… Ø§Ù„Ø¬Ù…ÙŠÙ„ğŸ˜Š
5E@ef",positive,2018-01-09T06:11:58+0000,https://www.facebook.com/298166859034_10155991701199035
Just i'm tired and bored but thank god :'),positive,2018-01-08T19:24:54+0000,https://www.facebook.com/298166859034_10155991701199035
Ø§Ù…ÙˆØ±Ù†Ø§ ÙÙŠ ÙŠØ¯ Ø§Ù„Ù„Ù‡ Ø±Ø¨ÙŠ ÙŠØ¬Ø±ÙŠÙ‡Ø§ Ø¹Ù„Ù‰ Ø§Ù„ØµÙ„Ø§Ø­ . . Ø§Ù„Ø­Ù…Ø¯ Ù„Ù„Ù‡ Ø±Ø¨ Ø§Ù„Ø¹Ø§Ù„Ù…ÙŠÙ† Ø§Ù„Ù„Ù‡Ù… ÙØ±Ø¬ ÙƒØ±Ø¨Ù†Ø§.. Ù…Ø§Ø´ÙŠ Ø§Ù„Ø­Ø§Ù„,positive,2018-01-08T21:48:15+0000,https://www.facebook.com/298166859034_10155991701199035
Ø­Ø§Ù„ØªÙ†Ø§ Ù…Ø²Ø±ÙŠØ© Ø¨Ø¹Ø¯ Ù…Ø§ ÙˆØ§Ù„Øª Ø§Ù„ØªÙŠÙƒÙŠ Ø¨ 1250 Ùˆ Ø§Ù„ÙƒØ§Ø±Ø·Ø© Ø¨ 5700 Ùˆ Ø¯Ø¨ÙˆØ²Ø© Ø§Ù„Ù‚Ø§Ø² 7700 Ù„Ø§ Ø±Ø­Ù…Ø© Ù„Ø§ Ø´ÙÙ‚Ø© ÙŠØ³Ø®Ø§ÙŠØ¨ÙˆÙ†Ø§ Ù†Ø¨ÙŠØ¶Ùˆ ÙÙŠ Ø§Ù„ÙÙ„ÙˆØ³ Ùˆ Ø²ÙŠØ¯ Ù…Ù† Ù‡ÙƒØ© ÙÙˆØ±ÙÙŠ 225 MO Ù…Ø§ Ø¥ÙŠØ´Ø¯Ø´ Ø³Ø§Ø¹Ø© Ø­ØªÙ‰ Ø¨Ø§Ø´ Ù†Ø¯Ø¨Ø±ÙˆØ§ Ù‚Ø§ÙˆØ±ÙŠØ© Ùˆ Ù†Ø­Ø¬Ùˆ Ù…Ù† Ù‡Ø§ Ø§Ù„Ø¨Ù„Ø§Ø¯ Ù…Ø§ Ù„Ù‚ÙŠÙ†Ø§Ø´ ÙƒÙŠÙØ§Ù‡ !!!!!,positive,2018-01-08T20:00:36+0000,https://www.facebook.com/298166859034_10155991701199035
Ø´Ù†Ùˆ ØªØ­Ø¨ ØªØ¹Ø±Ù Ø´Ø¹ÙˆØ±Ù†Ø§ Ø¹Ù„Ø§Ø´ ÙˆØ§Ù†Øª ÙÙ„ÙˆØ³ÙŠ Ø§ÙƒÙ„ Ù‚Ø¯Ø§ÙƒÙ… ÙƒØ³Ø±ØªÙˆÙ†Ø§. ğŸ‘ğŸ˜‰ğŸ˜‰ğŸ˜‚,positive,2018-01-09T04:35:16+0000,https://www.facebook.com/298166859034_10155991701199035
Ù…ØªØºØ´Ø´ Ø®Ø§ØªØ± Ø²Ø¯ØªÙˆ Ø´ÙˆÙŠØ© ÙÙŠ Ø³ÙˆÙ… Ø§Ù„Ø´Ø­Ù† ÙƒØ§Ø±ÙƒÙ… Ø²Ø¯Ùˆ Ø§ÙƒØ«Ø± Ø±Ø§Ù†Ø§ Ù„Ø§Ø¨Ø§Ø³ Ø¹Ù„ÙŠÙ†Ø§ ÙˆÙ…ØªÙˆÙ…Ø§ Ø²ÙˆØ§ÙˆÙ„Ø©,positive,2018-01-09T00:20:33+0000,https://www.facebook.com/298166859034_10155991701199035
Ø§Ø­Ø³Ø§Ø³Ù†Ø§ Ø§Ù„ÙŠ ÙƒØ«Ø±ÙˆØªÙˆÙ„Ù‡Ø§ Ù…Ø§Ù„Ø³Ø§Ø±Ù‚Ø©  ÙÙŠ Ø§Ù„Ø§Ù†ØªØ±Ù†Ø§Øª Ø±ÙƒÙ… Ù…Ø±Ø¬ØªÙˆÙ†Ø§ Ùˆ Ù…ØµÙ„Ø­Ø© Ø§Ù„Ø­Ø±ÙØ§Ø¡ ÙƒÙŠ Ø¨ÙŠÙ‡Ø§ ÙƒÙŠ Ø¨Ù„Ø§Ø´,positive,2018-01-09T07:58:29+0000,https://www.facebook.com/298166859034_10155991701199035
Eni dima intaba3 fikom 3ala ill page w mareba7ete chay,positive,2018-01-08T19:13:32+0000,https://www.facebook.com/298166859034_10155991701199035
"ProblÃ¨me de connexion avec les sites internationaux en 4G !!! echnouwa  hedha! echnouwa ye5i Facebook, Youtube , twitter welbe9i ma3andenech el7a9??!!",positive,2018-01-09T18:10:08+0000,https://www.facebook.com/298166859034_10155990710899035
Ya5i chnia la7ya ser9a 3ini 3ink 3mlt abonement b 1 mois 750m 7atit carte b 5 d nrml tnt7l 3 d w ra8m hatha w 3ml abonment lflos 9a3ad tn9osli ya5i chnwa hatha ytsma????,positive,2018-01-08T14:39:00+0000,https://www.facebook.com/298166859034_10155990710899035
Njm n7ot SIM le clÃ¨ fil smartphone me8ir metita7ra9 ??,positive,2018-01-08T13:53:35+0000,https://www.facebook.com/298166859034_10155990710899035
ProplÃ¨me de connexion,positive,2018-01-11T19:25:59+0000,https://www.facebook.com/298166859034_10155990710899035
Tunis,positive,2018-01-08T10:23:12+0000,https://www.facebook.com/298166859034_10155990710899035
,positive,2018-01-09T19:12:13+0000,https://www.facebook.com/298166859034_10155990710899035
Yeki tamlou barcha moussebakat w baed nahna dima actif manerbhouch ??? Alesh,positive,2018-01-07T19:16:57+0000,https://www.facebook.com/298166859034_10155989329394035
"Ù‡Ù‡Ù‡Ù‡Ù‡Ù‡Ù‡Ù‡Ù‡ Ù…ÙˆØ´ ØµØ­ÙŠØ­ Ø¹Ø§Ù… Ø§Ù„Ø¨Ø§Ùƒ Ù…ØªØ§Ø¹ÙŠ Ø§Ù„ÙˆØ§Ù„Ø¯Ø© Ø±Ù…ØªÙ„ÙŠ ÙƒØ±Ø§Ø±Ø³ÙŠ Ùˆ ÙƒØªØ¨ÙŠ ÙÙŠ Ø§Ù„Ø´Ø§Ø±Ø¹ Ù‚Ø§ØªÙ„ÙŠ Ù…Ø§ÙƒØ´ Ù…ØªØ§Ø¹ Ù‚Ø±Ø§ÙŠØ© Ùˆ Ù…Ø§ÙƒØ´ Ø¨Ø§Ø´ ØªÙ†Ø¬Ø­ ğŸ˜‚ğŸ˜‚ğŸ˜‚ 
Ø®Ø§Ø·Ø± Ù„Ø¹Ø¨Ø§Ø¯ ØªØ±ÙŠÙØ² Ùˆ Ø§Ù†Ø§ Ù†Ù„Ø¹Ø¨ ÙÙŠ Ù„Ø¹Ø¨ Ø¬Ø¯Ø¯ Ø¹Ù„Ù‰ Ø§Ù„Ø¨ÙŠØ³ÙŠ ğŸ˜‚ğŸ˜‚ğŸ˜‚
Ù…ÙˆØ´ Ù‡ÙƒØ§ ÙŠØ§ Ù†Ø¨Ø¹ Ø§Ù„Ø­Ù†Ø§Ù† Yassmina Haffnaoui Ø§Ù…Ø§ Ø§Ù„Ø­Ù…Ø¯ Ù„Ù„Ù‡ Ù†Ø¬Ø­Øª",positive,2018-01-07T20:23:46+0000,https://www.facebook.com/298166859034_10155989329394035
Normalement Orange ntouma hakeka tetsarfou m3ana fel les services el 7moum mte3kom,positive,2018-01-08T06:14:54+0000,https://www.facebook.com/298166859034_10155989329394035
Orange brabbi 2017 haw wfÃ© w liltaw la b3athtouli tÃ©lifoun elli rbe7tou fi octobre !!!!!!,positive,2018-01-07T19:08:40+0000,https://www.facebook.com/298166859034_10155989329394035
Brabi y'a orange talifouni chritou minandkom toi mn avril 2017 tecno-n9 yaki tnaha il film mtaou najem nji nbadlou.mazel andi garanti,positive,2018-01-10T12:46:52+0000,https://www.facebook.com/298166859034_10155989329394035
,positive,2018-01-07T20:34:27+0000,https://www.facebook.com/298166859034_10155989329394035
Ti wini les cadeaux wala trab7ou belm3aref,positive,2018-01-07T19:15:14+0000,https://www.facebook.com/298166859034_10155989329394035
Ø¨Ù„Ø§Ù‡ÙŠ Ù†Ø­Ø¨ Ù†Ø­ÙŠ dÃ©sabonnementØªÙ‚Øµ ÙÙŠ ÙÙ„ÙˆØ³ ÙƒÙŠÙ Ø¹ÙˆØ¯Øª ØµØ¨ÙŠØª,positive,2018-01-07T20:50:40+0000,https://www.facebook.com/298166859034_10155989329394035
ana dima ntaba3 fikom 3al bage w marbahtch,positive,2018-01-08T10:32:43+0000,https://www.facebook.com/298166859034_10155989329394035
We9tech trab7ouna cadeauyet Kima TÃ©lÃ©com,positive,2018-01-07T19:28:58+0000,https://www.facebook.com/298166859034_10155989329394035
ma3ndich 3aylla min asloo bech t3amlni hakek,positive,2018-01-07T19:11:01+0000,https://www.facebook.com/298166859034_10155989329394035
Ø¥Ùˆ Ø¬Ø¨ØªÙ‡Ø§ ÙˆØ¬ÙŠØª,positive,2018-01-07T19:31:31+0000,https://www.facebook.com/298166859034_10155989329394035
Hhh se7i7,positive,2018-01-07T19:24:02+0000,https://www.facebook.com/298166859034_10155989329394035
s7i7 hhhh,positive,2018-01-07T20:37:36+0000,https://www.facebook.com/298166859034_10155989329394035
Hhhhh lee,positive,2018-01-07T19:25:36+0000,https://www.facebook.com/298166859034_10155989329394035
LÃ© mouch s7i7,positive,2018-01-07T19:12:15+0000,https://www.facebook.com/298166859034_10155989329394035
ich 5ass,positive,2018-01-07T19:08:23+0000,https://www.facebook.com/298166859034_10155989329394035
Hhhhhhhh eyyyyyy s7iiiii7 moch haka Ayadi Jihen,positive,2018-01-07T19:29:33+0000,https://www.facebook.com/298166859034_10155989329394035
Ouiiii,positive,2018-01-07T19:25:57+0000,https://www.facebook.com/298166859034_10155989329394035
Ù‡Ù‡Ù‡Ù‡Ù‡Ù‡Ù‡Ù‡Ù‡Ù‡  Ø§ÙŠÙ‡,positive,2018-01-07T19:17:22+0000,https://www.facebook.com/298166859034_10155989329394035
Chedi Ben Hassine hawchi belhh9 ğŸ˜‚ğŸ˜‚,positive,2018-01-07T19:09:40+0000,https://www.facebook.com/298166859034_10155989329394035
Meriam Saleh Jarray hhhhhhhhhh,positive,2018-01-07T19:12:20+0000,https://www.facebook.com/298166859034_10155989329394035
hhh uuii c'est vrai,positive,2018-01-07T19:08:21+0000,https://www.facebook.com/298166859034_10155989329394035
ki tebda t3adi bac yes,positive,2018-01-07T19:14:07+0000,https://www.facebook.com/298166859034_10155989329394035
"Ù…Ø§Ù…Ø§: Ù‚ÙˆÙ… Ø§Ù‚Ø±Ù‰ ÙˆØ§Ù†ØªÙŠ ÙƒÙ„ Ù†Ù‡Ø§Ø± Ø´Ø§Ø¯Ø© Ø§Ù„ØªØ§Ù„ÙÙˆÙ† ÙƒØ§Ù† Ø¹Ù…Ù„Øª Ø­Ø§Ø¬Ø© ØªØµÙ„Ø­ Ø®ÙŠØ±ğŸ˜•
Ø§Ù†Ø§: ÙŠØ§ Ù…Ø§ Ø¨Ø§Ù„Ù„Ù‡ÙŠ Ø¹Ù„Ø§Ù‡ Ù†Ù‚Ø±Ù‰ Ù…Ø¹Ø¯Ù„ÙŠØ© 17 
Ùˆ Ø²ÙŠØ¯ ÙˆÙ‚Øª Ù†Ù†Ø¬Ø­ Ù†Ù„Ø¹Ø¨ Ùˆ ÙˆÙ‚Øª Ù†Ù„Ø¹Ø¨ Ù†ØªØ¹Ø¨ Ùˆ ÙˆÙ‚Øª Ù†ØªØ¹Ø¨ Ù†Ù…ÙˆØª ğŸ˜•ğŸ˜‚ğŸ˜‚
Ù…Ø§Ù…Ø§: Ù‡Ù‡Ù‡Ù‡Ù‡Ù‡ ÙŠØ¹ØªÙƒ ÙƒÙŠØ§ ğŸ˜‚ğŸ˜‚ Ù…Ù†ÙŠÙ† ØªØ¬ÙŠØ¨ ÙØ§Ù‡Ù… Ø§Ù„Ø¹ÙŠØ¨Ø±Ø§Øª Ù‡Ø§Ø°ÙŠ. Ø²ÙŠØ¯ Ù†ÙƒØ© Ùˆ Ù‚ÙˆÙ… Ø§Ù‚Ø±Ù‰ğŸ˜Š
Ø§Ù†Ø§:okğŸ˜œğŸ˜˜ğŸ˜˜ğŸ˜š",positive,2018-01-07T22:03:17+0000,https://www.facebook.com/298166859034_10155989329394035
"Ney clubisty wen9oul ben amor  , meria7 , 5nisi welbe9i 3al7et",positive,2018-01-07T22:17:20+0000,https://www.facebook.com/298166859034_10155988577114035
Ghaylen w meryah,positive,2018-01-07T20:59:54+0000,https://www.facebook.com/298166859034_10155988577114035
Ø§Ø®ØªÙƒğŸ‘†ğŸ˜¸,positive,2018-01-07T12:35:26+0000,https://www.facebook.com/298166859034_10155988577114035
Ù„ÙƒÙ„ ÙƒØ§Ù† Ù†Ú¤Ø§Ø² Ù„Ø§,positive,2018-01-07T21:09:29+0000,https://www.facebook.com/298166859034_10155988577114035
"Ben amour 
8aylen 
Meryeh",positive,2018-01-07T12:32:03+0000,https://www.facebook.com/298166859034_10155988577114035
,positive,2018-01-09T22:19:22+0000,https://www.facebook.com/298166859034_10155988577114035
Ù†Ø¨ÙŠÙ„ Ù…Ø¹Ù„ÙˆÙ„ Ù‡Ù‡Ù‡Ù‡Ù‡Ù‡Ù‡Ù‡Ù‡Ù‡,positive,2018-01-08T13:55:31+0000,https://www.facebook.com/298166859034_10155988577114035
,positive,2018-01-09T18:15:07+0000,https://www.facebook.com/298166859034_10155988577114035
,positive,2018-01-09T18:13:46+0000,https://www.facebook.com/298166859034_10155988577114035
taha yasin al5nisi,positive,2018-01-09T22:18:12+0000,https://www.facebook.com/298166859034_10155988577114035
Ø¨Ù† Ø¹Ù…Ø±,positive,2018-01-09T22:33:44+0000,https://www.facebook.com/298166859034_10155988577114035
Ø­ØªÙ‰ ÙˆØ§Ø­Ø¯ Ù…Ø® Ù…ÙˆØ´ Ù†Ø¸ÙŠÙ,positive,2018-01-07T12:38:30+0000,https://www.facebook.com/298166859034_10155988577114035
ÙŠØ§Ø³ÙŠÙ† Ø§Ù„Ø®Ù†ÙŠØ³ÙŠ,positive,2018-01-07T18:09:24+0000,https://www.facebook.com/298166859034_10155988577114035
KI TKHALTOUHOM EL KOL MA IJOUCH 1/4 JOUEUR FI L'EUROPE,positive,2018-01-07T19:21:14+0000,https://www.facebook.com/298166859034_10155988577114035
Ø·Ù‡ ÙŠØ§Ø³ÙŠÙ† Ù„Ø®Ù†ÙŠØ³ÙŠ,positive,2018-01-07T15:34:14+0000,https://www.facebook.com/298166859034_10155988577114035
"Ø·Ù‡ ÙŠØ§Ø³ÙŠÙ† Ø§Ù„Ø®Ù†ÙŠØ³ÙŠ
ØºÙŠÙ„Ø§Ù† Ø§Ù„Ø´Ø¹Ù„Ø§Ù†ÙŠ",positive,2018-01-10T20:05:48+0000,https://www.facebook.com/298166859034_10155988577114035
L5NISI WO BEN AMOUR,positive,2018-01-07T22:39:04+0000,https://www.facebook.com/298166859034_10155988577114035
Ø­ØªÙ‰ ÙˆØ§Ø­Ø¯ Ø§Ù„ÙƒÙ„ Ø¨Ù‡Ø§ÙŠÙ…,positive,2018-01-07T19:59:38+0000,https://www.facebook.com/298166859034_10155988577114035
Ø¹Ù…Ø± Ø£Ùˆ Ø®Ù†ÙŠØ³ÙŠ,positive,2018-01-08T02:32:40+0000,https://www.facebook.com/298166859034_10155988577114035
Ù…Ø±ÙŠØ§Ø­ ÙƒÙ‡Ùˆ,positive,2018-01-08T12:36:11+0000,https://www.facebook.com/298166859034_10155988577114035
"Ø£ÙƒÙ‡ÙˆØ© Ø¹Ø§Ø¯ Ø¥Ù„ÙŠ ØªØµØ­ Ø±Ø¬Ù„ÙŠÙ‡ ÙŠØ²ÙŠØ¯ ÙÙŠÙ‡   
Ù‡Ù‡Ù‡Ù‡",positive,2018-01-07T12:19:35+0000,https://www.facebook.com/298166859034_10155988577114035
ben amar    meria7    5nisi  'ilan cha3li   nafaz,positive,2018-01-08T19:15:59+0000,https://www.facebook.com/298166859034_10155988577114035
Ben amor,positive,2018-01-07T18:49:21+0000,https://www.facebook.com/298166859034_10155988577114035
Ø­ØªÙ‰ ÙˆØ§Ø­Ø¯ Ù…Ù†Ù‡Ù… Ø§Ù„ÙƒÙ„Ù‡Ù… Ø­ÙƒØ§ÙŠØªÙ‡Ù… ÙØ§Ø±ØºØ©ğŸ˜‚ğŸ˜‚ğŸ˜‚,positive,2018-01-07T20:01:42+0000,https://www.facebook.com/298166859034_10155988577114035
ØºÙŠÙ„Ø§Ù† Ø§Ù„Ø´Ø¹Ù„Ø§Ù†ÙŠ,positive,2018-01-09T18:13:13+0000,https://www.facebook.com/298166859034_10155988577114035
Ta3ml mzeya kifch najm net7asl 3la morched l 7ourafe2 kalmt 1150 w manjmtch net7asel,positive,2018-01-08T13:30:52+0000,https://www.facebook.com/298166859034_10155988413404035
bellehi 3indi cle4g  post paye offre intense    kont  n5alles fi 25 dinar ..ba3d 3em  bdit  n5alles fi 20dt   taw 3indi akther min 3amin famma emkeniyya tar5ss akther el facture ??,positive,2018-01-07T12:28:41+0000,https://www.facebook.com/298166859034_10155988413404035
Orange mafamech convention m3a eda5liliya kima ooreedo,positive,2018-01-07T11:36:48+0000,https://www.facebook.com/298166859034_10155988413404035
Brabi orange fasrouli l'offre 3alami 9adech d9i9a l'Europe rani ma3ad fehma chy minha l'offre merci,positive,2018-01-07T11:12:54+0000,https://www.facebook.com/298166859034_10155988413404035
Ø¨Ø¬Ø§Ù‡ Ø±Ø¨ÙŠ  Ø¹Ù„Ø§Ø´ Ø§Ù„Ø³Ø±Ù‚Ø© Ø¯ÙŠÙ…Ø§ ØªØ¹Ù…Ù„ÙˆÙ„ÙŠ ÙÙŠÙ‡Ø§ Ù†ØµØ¨ ÙƒØ§Ø±ØªØ© ÙˆÙ…Ù† Ø¨Ø¹Ø¯ ØªØ¨Ø¯Ø§ ØªØ³Ø±Ù‚ÙˆÙ„ÙŠ Ù…Ù†Ù‡Ø§ Ù„ÙŠÙ† ØªÙˆÙØ§ Ù…Ù† ØºÙŠØ± Ù…Ù†Ø¹Ù…Ù„ Ø¨ÙŠÙ‡Ø§ Ø´ÙŠ ØªØ¨Ø¹Ø«ÙˆÙ„ÙŠ Ù…ÙŠØ³Ø§Ø¬Ø§Øª ÙˆØªÙ‡Ø²Ùˆ Ø­Ù‚Ù‡Ø§ Ù…Ù† Ø¹Ù†Ø¯ÙŠ Ø¹Ù„Ø§Ø´ ÙˆÙ…Ù†Ø­Ø¨Ø´ Ù†Ø¹Ù…Ù„ ØªÙˆÙ†Ø§Ù„ÙŠØªÙŠ ØªØ¹Ù…Ù„ÙˆÙ‡Ø§Ù„ÙŠ Ø¨Ø§Ù„Ø³ÙŠÙ ÙˆÙ…Ù†Ø­Ø¨Ø´ Ø§Ù„Ø¹Ø§Ø¨ ØªØ¹Ù…Ù„ÙˆÙ„ÙŠ Ø§ÙƒØ³Ø§Ø¨Øª Ù…Ù†ØºÙŠØ± Ù…Ù†ÙˆØ§ÙÙ‚ Ø§ÙØ²Ø­ Ø±Ø¨ÙŠ ÙŠÙ‡Ø¯ÙŠÙƒ ÙŠØ§ Ø§ÙˆØ±ÙˆÙ†Ø¬,positive,2018-01-07T10:12:15+0000,https://www.facebook.com/298166859034_10155988413404035
Orange brabi n7eb nechri tÃ©lÃ©phone par facilitÃ© kifech 9olouli,positive,2018-01-07T11:04:57+0000,https://www.facebook.com/298166859034_10155988413404035
Ù…Ø§Ùˆ Ø§Ø¹Ø·Ùˆ Ø´Ø±ÙˆØ·ÙƒÙ… Ø§Ù„ÙƒÙ„ ÙƒÙ„ Ø´Ù‡Ø± Ù„Ø§Ø²Ù… Ù†Ø¯ÙØ¹Ùˆ Ø­ØªÙ‰ ÙŠÙƒÙ…Ù„ Ø§Ù„Ø¹Ø§Ù…,positive,2018-01-07T11:02:06+0000,https://www.facebook.com/298166859034_10155988413404035
Ø³Ù„Ø§Ù… ÙˆÙ‚ØªØ§Ù‡ ØªØ¹Ù„Ù†Ùˆ Ø¹Ù„Ù‰ Ø§Ù„ÙØ§Ø¦Ø² ÙÙŠ Ù…Ø³Ø§Ø¨Ù‚Ø© Ø§Ù„Ø¥Ù…ÙˆØ¬ÙŠ,positive,2018-01-07T10:30:20+0000,https://www.facebook.com/298166859034_10155988413404035
Ù†Ø¬Ù… Ù†Ø´Ø±ÙŠÙ‡ Ø§Ù„ØªÙ„ÙŠÙÙˆÙ† Ù…Ù† ØºÙŠØ± offert,positive,2018-01-09T20:58:20+0000,https://www.facebook.com/298166859034_10155988413404035
"ØªØ¯ÙØ¹ ÙƒØ§Ù† 289 ÙƒØ§Ù‡Ùˆ
ÙˆØ¥Ù„Ø§ ÙƒÙ„ Ø´Ù‡Ø± ØªØ¯ÙØ¹ Ø²Ø§Ø¯Ø§?",positive,2018-01-07T14:16:11+0000,https://www.facebook.com/298166859034_10155988413404035
Kifech,positive,2018-01-07T10:07:36+0000,https://www.facebook.com/298166859034_10155988413404035
Disponible Ã  boutique orange mednine?,positive,2018-01-07T10:02:51+0000,https://www.facebook.com/298166859034_10155988413404035
Brabi mafamech flaybox moch bil fatoura,positive,2018-01-07T11:52:08+0000,https://www.facebook.com/298166859034_10155988413404035
Ø¨Ù„Ù‡ÙŠ Ø¨Ø´ Ù†Ø³Ù„Ùƒ ÙƒÙŠ ÙŠØ¨Ø¯ Ù„ÙˆØ§Ø­Ø¯ ÙŠØªØ°Ø¶Ù„Ù… ÙÙ„Ø¨ÙˆØªÙŠÙƒ ÙƒÙŠÙØ§Ø´ ÙŠØ®Ùˆ Ø­Ù‚Ùˆ,positive,2018-01-07T15:02:07+0000,https://www.facebook.com/298166859034_10155988413404035
ÙƒÙ„Ùˆ ÙƒØ°Ø¨ ÙƒÙŠÙ ØªÙ…Ø´ÙŠ Ù„Ù„Ù…ØºØ§Ø²Ø© Ù…Ø§ØªÙ„Ù‚Ù‰ Ø­ØªÙ‰ Ø´ÙŠ Ø§Ù„Ø¯ÙØ¹ Ø¨Ø§Ù„ÙƒØ§Ù…Ù„,positive,2018-01-07T10:03:48+0000,https://www.facebook.com/298166859034_10155988413404035
4G hatha ???,positive,2018-01-07T14:25:57+0000,https://www.facebook.com/298166859034_10155988413404035
quels sont les modalitÃ© des packs nokia 3 ?,positive,2018-01-07T10:49:31+0000,https://www.facebook.com/298166859034_10155988413404035
ØµØ¨Ø§Ø­ Ø§Ù„Ù†ÙˆØ±,positive,2018-01-07T10:09:22+0000,https://www.facebook.com/298166859034_10155988413404035
Salem,positive,2018-01-07T18:47:12+0000,https://www.facebook.com/298166859034_10155988413404035
Famch promo fanhar,positive,2018-01-07T11:23:37+0000,https://www.facebook.com/298166859034_10155988413404035
Kifech,positive,2018-01-07T11:10:51+0000,https://www.facebook.com/298166859034_10155988413404035
4g?,positive,2018-01-07T11:57:03+0000,https://www.facebook.com/298166859034_10155988413404035
RAM?,positive,2018-01-07T17:09:36+0000,https://www.facebook.com/298166859034_10155988413404035
Marbo7a hhhhh,positive,2018-01-07T10:22:10+0000,https://www.facebook.com/298166859034_10155988413404035
,positive,2018-01-07T11:46:05+0000,https://www.facebook.com/298166859034_10155988413404035
Ú¨Ø¹Ø¯Ù‡ Ù…Ø¹ Ø´Ù„Ù‡ Ù Ø¬Ù†ÙŠÙ†Ø© Ø§Ù„Ù†ØµØ±..ğŸº,positive,2018-01-06T19:11:10+0000,https://www.facebook.com/298166859034_10155986889824035
#imen_arfaoui #maha_krifette #rim_sebri m'y sweet honey #alia_Sifi et #abir_Sifi :* :*,positive,2018-01-06T20:26:24+0000,https://www.facebook.com/298166859034_10155986889824035
Ù†Ø·ÙŠØ¨ ÙÙŠ ÙØ·ÙˆØ± Ø§ÙˆÙ„Ø§Ø¯ÙŠ ÙˆØ¨Ø¹Ø¯ Ù†Ø´Ø¹Ù„ Ø§Ù„ÙƒØ§Ù†ÙˆÙ† Ù†Ø·ÙŠØ¨ Ø±Ø´ÙÙ‡ ØªØ§ÙŠ Ùˆ Ø¨Ø¹Ø¯ Ù†Ø®Ø±Ø¬ Ù„Ù„Ù…Ø±Ø´ÙŠ Ù†Ù‚Ø¸ÙŠ Ø´ÙˆÙŠØ© Ø¨Ø·Ø§Ø·Ø© Ùˆ Ù…Ø¹Ø¯Ù†ÙˆØ³ Ùˆ Ø­ÙƒØªÙŠÙ† Ø·Ù…Ø§Ø·Ù… Ùˆ Ù†Ø±ÙˆØ­ ÙØ±Ø­ Ù…Ø³Ø±ÙˆØ±,positive,2018-01-07T06:22:40+0000,https://www.facebook.com/298166859034_10155986889824035
,positive,2018-01-10T06:57:07+0000,https://www.facebook.com/298166859034_10155986889824035
Ya hasra tawa kol wa7ed ched bo9a3tou,positive,2018-01-06T19:17:13+0000,https://www.facebook.com/298166859034_10155986889824035
,positive,2018-01-06T19:27:31+0000,https://www.facebook.com/298166859034_10155986889824035
Ù†Ùˆ' Ø±ÙˆØ³Ø© Ù‡Ø°ÙŠ Ø´Ù„ØªÙŠ Ù‡Ù‡Ù‡Ù‡Ù‡Ù‡,positive,2018-01-06T19:15:28+0000,https://www.facebook.com/298166859034_10155986889824035
,positive,2018-01-06T19:27:48+0000,https://www.facebook.com/298166859034_10155986889824035
"Ø£ØµØ­Ø§Ø¨ Ø§Ù„Ø³ÙˆØ¡ Ù‡Ù‡Ù‡Ù‡Ù‡Ù‡Ù‡Ù‡Ù‡Ù‡
Aouiniran Arbiamal Rania Jl",positive,2018-01-06T20:31:14+0000,https://www.facebook.com/298166859034_10155986889824035
Inhr meya7la ken bik,positive,2018-01-06T19:25:06+0000,https://www.facebook.com/298166859034_10155986889824035
Rabia Asma Molka asia,positive,2018-01-06T19:09:49+0000,https://www.facebook.com/298166859034_10155986889824035
"Ã„yÃ£ BÃ©n HÄmÃ«dÃ£ Ã‰ssÃ¬d, Moufida Mhamdi, Mayssa Jadii, Abir MÄƒjÄ‘Å‘Å³b Mahma ysirr matetbaddalch echella  <3 <3 :'( :'(",positive,2018-01-07T14:25:24+0000,https://www.facebook.com/298166859034_10155986889824035
Mokni MarwenKonÃ© meya7la kn bikğŸ˜ğŸ˜ğŸ˜,positive,2018-01-06T19:05:10+0000,https://www.facebook.com/298166859034_10155986889824035
,positive,2018-01-06T21:24:31+0000,https://www.facebook.com/298166859034_10155986889824035
,positive,2018-01-06T19:17:42+0000,https://www.facebook.com/298166859034_10155986889824035
Rebaii Hiba,positive,2018-01-06T19:40:03+0000,https://www.facebook.com/298166859034_10155986889824035
Ana w rajli w waldi rabi 5alihom mouz ğŸ˜ğŸ˜ğŸ˜ğŸ˜ğŸ˜,positive,2018-01-06T19:55:11+0000,https://www.facebook.com/298166859034_10155986889824035
,positive,2018-01-06T19:08:01+0000,https://www.facebook.com/298166859034_10155986889824035
Ø§ØµØ­Ø§Ø¨ ğŸ˜˜,positive,2018-01-06T21:29:11+0000,https://www.facebook.com/298166859034_10155986889824035
Ø£Ø­Ù„Ù‰ ÙˆÙŠÙƒØ§Ù†Ø¯. ğŸš’ğŸš’ğŸš’ğŸš’ğŸš’ğŸš’ ÙƒÙŠÙ Ù†Ø³Ø¹Ù Ø§Ù„Ù…ØµØ§Ø¨,positive,2018-01-06T20:16:36+0000,https://www.facebook.com/298166859034_10155986889824035
ØªÙ‚ÙˆÙ‰ Ù…Ø±ÙŠÙ… Ù‡Ø¯ÙŠÙ„ Ù…ÙŠØ³Ø§Ø¡ ÙˆØ¨Ø§Ù„Ø·Ø¨ÙŠØ¹ Ø£Ù†Ø§,positive,2018-01-06T19:44:40+0000,https://www.facebook.com/298166859034_10155986889824035
ÙƒØ§Ù† Ø§Ù†Ø§ Ù‚Ø±ÙŠØªÙ‡Ø§ Ø´Ù„Ø§ÙƒØªÙƒØŸ,positive,2018-01-07T12:12:03+0000,https://www.facebook.com/298166859034_10155986889824035
,positive,2018-01-06T19:54:37+0000,https://www.facebook.com/298166859034_10155986889824035
,positive,2018-01-06T19:28:17+0000,https://www.facebook.com/298166859034_10155986889824035
,positive,2018-01-07T15:14:36+0000,https://www.facebook.com/298166859034_10155986889824035
La Pologne. Son style jeux ressemble anglais et belges proportionnellement. Levendovski pour Pologne. Harry Kane pour Angleterre . lukaku belges.et leur dÃ©fense surtout. Amateur bennesba lhazard wde brune yelzmha rkeyeb lmizouri wgalb lbou3zizi wjary trabelsi,positive,2018-01-06T11:38:17+0000,https://www.facebook.com/298166859034_10155985981414035
Ø¥Ø³Ø¨Ø§Ù†ÙŠØ§ Ø¨ØªØ£ÙƒÙŠØ¯ . ØªØ¹Ø·ÙŠÙ†Ø§ Ø¹Ù„Ù‰ Ø±ÙŠÙˆØ³Ù†Ø§ Ø¨Ø§Ù„Ø¨Ø§Ù‡ÙŠ ØªØ´ÙŠØ®Ù†Ø§ Ø¨ÙˆÙ†ØªÙˆØ§Øª Ù‡Ù‡Ù‡Ù‡,positive,2018-01-06T11:59:01+0000,https://www.facebook.com/298166859034_10155985981414035
Espagne,positive,2018-01-06T12:12:51+0000,https://www.facebook.com/298166859034_10155985981414035
Ø¢Ø³Ø¨Ø§Ù†ÙŠØ§,positive,2018-01-06T11:33:13+0000,https://www.facebook.com/298166859034_10155985981414035
Ø§Ø³Ø¨Ø§Ù†ÙŠØ§,positive,2018-01-06T11:34:57+0000,https://www.facebook.com/298166859034_10155985981414035
Kodivol.,positive,2018-01-06T11:37:19+0000,https://www.facebook.com/298166859034_10155985981414035
Kriba fe le3eb panama espagne mathemenech,positive,2018-01-06T13:26:16+0000,https://www.facebook.com/298166859034_10155985981414035
Ø§Ø³Ø¨Ø§Ù†ÙŠØ§,positive,2018-01-06T17:11:53+0000,https://www.facebook.com/298166859034_10155985981414035
,positive,2018-01-06T12:56:45+0000,https://www.facebook.com/298166859034_10155985981414035
Asbanya,positive,2018-01-06T19:33:20+0000,https://www.facebook.com/298166859034_10155985981414035
INCHALAH  INAJMO NT3ADLO WALA 3LACH LA NRB7Oâ¤ï¸,positive,2018-01-06T15:00:31+0000,https://www.facebook.com/298166859034_10155985981414035
Ø§Ø³Ø¨Ø§Ù†ÙŠØ§,positive,2018-01-06T15:25:33+0000,https://www.facebook.com/298166859034_10155985981414035
Ø§Ø³Ø¨Ø§Ù†ÙŠØ§,positive,2018-01-06T11:36:25+0000,https://www.facebook.com/298166859034_10155985981414035
kol behin ken iran niveau mch tayara,positive,2018-01-06T13:40:08+0000,https://www.facebook.com/298166859034_10155985981414035
Ø§Ø³Ø¨Ø§Ù†ÙŠØ§,positive,2018-01-06T18:23:10+0000,https://www.facebook.com/298166859034_10155985981414035
Ø§Ù„Ø¯Ø­ÙŠÙ„ Ù‡Ù‡Ù‡Ù‡Ù‡Ù‡Ù‡Ù‡Ù‡ ÙŠÙ†Ø¹Ù„Ø¨Ùˆ Ù‡Ø§Ù„ Ø§Ù„Ø¨Ù„Ø§Ø¯ Ùˆ Ø¨Ùˆ Ù…Ø¹Ù„ÙˆÙ„ Ùˆ Ø§Ù„Ø¬Ø±ÙŠ....Ø§Ù„Ø®,positive,2018-01-06T14:31:13+0000,https://www.facebook.com/298166859034_10155985981414035
Ø§Ø³Ø¨Ø§Ù†ÙŠØ§,positive,2018-01-06T13:25:42+0000,https://www.facebook.com/298166859034_10155985981414035
ÙƒÙˆÙ„Ù…Ø¨ÙŠØ§ Ø¹Ù„Ù‰ Ø§Ù„Ø§Ù‚Ù„ Ù†ÙÙ‡Ù…ÙˆØ§ Ø§Ù„ÙƒØ±Ø© ÙÙŠ Ø§Ù„Ù‚Ø§Ø±Ø© Ø§Ù„Ù„Ø§Ù…Ø±ÙŠÙƒÙŠØ©,positive,2018-01-06T17:27:42+0000,https://www.facebook.com/298166859034_10155985981414035
Ø¥Ø³Ø¨Ø§Ù†ÙŠØ§ Ø¨Ø§Ù„Ø·Ø¨ÙŠØ¹Ø©,positive,2018-01-06T12:06:05+0000,https://www.facebook.com/298166859034_10155985981414035
Ø§Ø³Ø¨Ø§Ù†ÙŠØ§,positive,2018-01-07T00:12:36+0000,https://www.facebook.com/298166859034_10155985981414035
Ø¢Ø³Ø¨Ø§Ù†ÙŠØ§,positive,2018-01-06T12:00:35+0000,https://www.facebook.com/298166859034_10155985981414035
Ø§Ù„Ø¯Ø­ÙŠÙ„,positive,2018-01-06T20:00:48+0000,https://www.facebook.com/298166859034_10155985981414035
Ø¨ÙˆÙ„Ù†Ø¯Ø§,positive,2018-01-06T11:27:14+0000,https://www.facebook.com/298166859034_10155985981414035
isbanya,positive,2018-01-08T14:50:17+0000,https://www.facebook.com/298166859034_10155985981414035
Espagne,positive,2018-01-06T14:58:34+0000,https://www.facebook.com/298166859034_10155985981414035
Sa7a li7 wi challa ana erba7 fi jeu Les #emojis Orange ğŸ˜¥ğŸ˜£ğŸ˜¢,positive,2018-01-06T10:46:28+0000,https://www.facebook.com/298166859034_10155985877804035
HH defa5 yji 50dt w n'active fil option m'en m'y orange o marbhet chyy zhar wlh,positive,2018-01-06T10:34:30+0000,https://www.facebook.com/298166859034_10155985877804035
"Imen Hassnaoui ntelgchriw w nest3mlou w nsobou bl fer8 
hay nfas5ou n9sou memoire ğŸ˜‚ğŸ˜‚",positive,2018-01-06T10:19:25+0000,https://www.facebook.com/298166859034_10155985877804035
ÙŠØ§ ÙˆÙ„Ø§Ø¯ÙŠ ÙŠÙ‡Ø¯ÙŠÙƒÙ… ÙˆÙŠÙ†Ùˆ Ø§Ù„Ø¨Ø±Ø·Ø§Ø¨Ù„ ÙƒÙ„ Ù…Ø±Ø© Ù†Ù‚ÙˆÙ„ Ù„ÙˆÙ„Ø¯ÙŠ Ø§Ù„Ø±Ø© Ù‡Ø§Ø°ÙŠ ØªÙˆ Ù†Ø±Ø¨Ø­Ùˆ,positive,2018-01-06T10:19:14+0000,https://www.facebook.com/298166859034_10155985877804035
"Bourjoulia Orange itha t7ebou t7assnou vos services fi 2018 yelzemkom tbadlou barcha 7ajÃ©Ã©t; bech na7ki juste 3la el mobile :

1- l'internet yelzemha ma te5dem illa itha 3amel forfait (ya3ni l'internet ma te5demech b solde ) kima fi les autres opÃ©rateurs; ya3ni itha 3amel forfait internet w wfa w 3andek par exemple 2500 solde donc automatiquement kif t7el page web ygollek ""vous n'avez pas de forfait actif pour le moment tapez *124#....."" w solde yeb9a kima houwa.mouch wa7ed youfÃ©lou el forfait yji ychouf solde mtÃ©3ou ken 3000 yelguÃ©h zÃ©ro !!!!!!!

2- kif youfa el forfait totlbou mil client itha y7eb 70 mb slaf w ba3ed tna7ouhom 3la awel forfait mouch automatiquement ta3tou 70mb matlabech menkom bech tsalfouh el client!!!!!!!!

3-makom goltou tfarej fi tv gratuit 3la mtv.orange.tn ; bÃ©hi na 3andi 2000 solde w n7eb netfarej fi tv nji n7el mtv.orange.tn bech netfarej narja3 nchouf solde nelguÃ©h zÃ©ro 3lÃ©ch!!!!  haw bech ngollek 3lÃ©ch : 3la 5ater ki tebda 7Ã©l donnÃ©es mobile bech tat3lek (notification fb , msg fil messenger viber, whatsApp, skype..... ; mise Ã  jour playstore, mise Ã  jour systÃ¨me w baaaarcha 7ajÃ©Ã©t o5riin ......) w impossible impossible impossible ken tnajem t9osshom el kol hathouma akid bech tatla3lek 7aja mel 7it ..... el 7al enou kil 3ada l'internet ma te5demech bi solde ken bel forfait .

4- mafamech forfait renouvelable automatiquement ;  el client ynajem y3awed ya3mel forfait wa7dou min 8ir ma ta3mloulou entom automatiquement.

5-tna7ou 3lina hak les notifications push willa ech esshma : hak elli tebda fi l'accueil mtÃ©3 tÃ©lifounek 3adi w tjik notification fi fenetre tgollek par exemple : voulez vous bÃ©nificier de 250 Mo d'internet pour 1dt ."" une fois ta3mel ""OK"" 7atta min 8ir ma to9ssed directe yti7lek solde sans confirmation w hÃ©thi tetsamma ta7ayol....",positive,2018-01-06T11:19:36+0000,https://www.facebook.com/298166859034_10155985877804035
,positive,2018-01-06T10:17:42+0000,https://www.facebook.com/298166859034_10155985877804035
"Bnj, chnewa na3mlou bech najmou nerbhou",positive,2018-01-06T10:51:00+0000,https://www.facebook.com/298166859034_10155985877804035
Ù…Ø¨Ø±ÙˆÙƒ Ø¹Ù„ÙŠÙ‡ ÙˆØ§Ù†Ø´Ø§Ù„Ù„Ù‡ Ø§Ù„Ù…Ø±Ø© Ø§Ù„Ø¬Ø§ÙŠØ© Ù†Ø±Ø¨Ø­ Ø§Ù†Ø§,positive,2018-01-06T15:34:11+0000,https://www.facebook.com/298166859034_10155985877804035
Min 3amnawel w ena nal3eb w mafalat 7ta lo3ba itrab7ou bil oujouh,positive,2018-01-06T15:21:07+0000,https://www.facebook.com/298166859034_10155985877804035
Bellahi l'application My Orange chna3mell baha ?,positive,2018-01-09T20:24:32+0000,https://www.facebook.com/298166859034_10155985877804035
ÙŠØ§ Ø±Ø¨ÙŠ Ù†Ø­Ø¨ Ù†Ø±Ø¨Ø­ Ø­ØªÙ‰ Ø£Ù†Ø§ ğŸ˜¢ğŸ˜¢ğŸ˜¢,positive,2018-01-06T10:14:38+0000,https://www.facebook.com/298166859034_10155985877804035
Tbi3ou talifounet par facilitÃ© w le,positive,2018-01-08T23:19:00+0000,https://www.facebook.com/298166859034_10155985877804035
Ù†Ø´Ø§Ø¡ Ø§Ù„Ù„Ù‡ Ø­Ø¸ Ø£ÙˆÙØ± Ù„Ù„Ø¬Ù…ÙŠØ¹,positive,2018-01-06T10:20:07+0000,https://www.facebook.com/298166859034_10155985877804035
ELLI TAHKO FIH MOCH ESHIH YZE MEN ELKDEB,positive,2018-01-10T09:14:09+0000,https://www.facebook.com/298166859034_10155985877804035
Ø£Ù†Ø§ Ø¯ÙŠÙ…Ø§ Ù†ØªØ¨Ø¹ ÙÙŠ Ø§Ù„Ø¨Ø§Ø¬ Ø£Ù…Ø§ Ù…Ù‡ÙŠØ´ Ø­Ø§Ø¨Ø© ØªØ®Ø·Ù,positive,2018-01-06T10:13:44+0000,https://www.facebook.com/298166859034_10155985877804035
Ø§Ù„Ø¨Øµ ÙˆØ§Ù„ÙÙ„Ø³,positive,2018-01-06T15:28:43+0000,https://www.facebook.com/298166859034_10155985877804035
Ncherq rbeht hata mara,positive,2018-01-06T10:14:07+0000,https://www.facebook.com/298166859034_10155985877804035
Woah dima ncharek chy marbe7t,positive,2018-01-06T15:25:17+0000,https://www.facebook.com/298166859034_10155985877804035
N7ib iphone X ya orange ğŸ¤”ğŸ˜‚,positive,2018-01-06T10:33:58+0000,https://www.facebook.com/298166859034_10155985877804035
Ø§Ù„Ø±Ø¨Ø­ Ø¨Ù„ Ù…Ø¹Ø§Ø±Ù Ù‡Ù‡Ù‡Ù‡Ù‡Ù‡Ù‡Ù‡Ù‡Ù‡Ù‡ ğŸ˜‚ğŸ˜‚,positive,2018-01-06T10:21:45+0000,https://www.facebook.com/298166859034_10155985877804035
ÙƒØ§Ø°Ø¨ÙŠÙ† Ø¯ÙŠÙ…Ø§ Ù†Ø´Ø§Ø±Ùƒ Ùˆ Ø´Ø¦ ØªØ±Ø¨Ø­Ùˆ Ø¨Ø§Ù„Ù…Ø¹Ø§Ø±Ù,positive,2018-01-06T10:20:28+0000,https://www.facebook.com/298166859034_10155985877804035
fÃ©licitations,positive,2018-01-06T10:42:51+0000,https://www.facebook.com/298166859034_10155985877804035
Chams Haj MansourğŸ˜‚ğŸ˜‚ğŸ˜‚9otlik rak 3itba donc zeydğŸ˜‚ğŸ¤£,positive,2018-01-06T10:23:50+0000,https://www.facebook.com/298166859034_10155985877804035
ayya mabrouk sahbi  Wassef BenYoussef â¤â¤,positive,2018-01-06T10:20:05+0000,https://www.facebook.com/298166859034_10155985877804035
ğŸ˜ğŸ˜,positive,2018-01-06T10:16:16+0000,https://www.facebook.com/298166859034_10155985877804035
ÙÙ‚Øª Ø§Ù„ØµØ¨Ø§Ø­ Ø§Ù„Ø³Ø¨Ø¹Ø©ØŒÙ„Ø§ Ø­Ù„ÙŠØª ÙƒÙˆÙ†ÙŠÙƒØ³ÙŠÙˆÙ† ÙˆÙ„Ø§ Ø´ÙØª ØªØ§Ù„ÙŠÙÙˆÙ†ØŒÙØ·Ø± Øª Ø§Ù„ÙŠ ÙƒØªØ¨ Ù…Ù† Ø±Ø¨ÙŠ..Ù„Ø¨Ø³Øª Ø¯Ø¨Ø´ Ù…ØªØ§Ø¹ Ø¬Ù…Ø¹Ø§Ù† Ø§Ù„Ø²ÙŠØªÙˆÙ† ÙˆÙ…Ø´ÙŠØª Ù„Ù„Ø³Ø§Ù†ÙŠØ© Ø¨ÙŠÙ† Ø§Ù„Ù†ÙˆØ§Ø± ÙˆØ§Ù„Ø®Ø¶Ø±Ø© ÙˆØ§Ù„Ø§Ø´Ø¬Ø§Ø±.Ø¨Ø¹ÙŠØ¯ Ø¹Ù„Ù‰ Ù†ÙØ§Ù‚ Ø§Ù„Ø¹Ø¨Ø§Ø¯ ÙˆÙ‚Ù„Ø© Ø§Ù„Ø®ÙŠØ± ÙˆØ§Ù„Ù…Ø¹Ø±ÙˆÙ...Ø¬Ù…Ø¹Øª Ø§Ù†Ø§ ÙˆØ§Ø®ÙˆØ§ØªÙŠ Ø§Ù„Ø²ÙŠØªÙˆÙ† ÙˆØ±ÙˆØ­Øª Ø¹Ù‚Ø§Ø¨ Ø§Ù„Ù†Ù‡Ø§Ø±.ØºØ³Ù„Øª Ø§Ø·Ø±Ø§ÙÙŠ ÙˆØªØ¹Ø´ÙŠØª Ù…Ø¹ Ø§Ù„Ù…ÙŠÙ…Ø©...ÙˆØ­Ù„ÙŠØª Ø§Ù„Ø§Ù†ØªØ±Ù†Ø§Øª Ø¨Ø§Ù„Ø·Ø¨ÙŠØ¹Ø© Ø§Ù„ÙŠ Ù…ÙˆØ´ Ø§ÙˆØ±ÙˆÙ†Ø¬!ØŸ!ØŸ ÙˆØ±Ø¨ÙŠ ÙŠØ¨Ù‚ÙŠ Ø¹Ù„ÙŠÙ†Ø§ Ø§Ù„Ø³ØªØ± ÙˆØ§Ù„ÙŠ ÙŠØ­Ø¨ Ø¹Ù„Ù‰ Ø§Ù„Ù‚Ø³Ù… ÙˆØ§Ù„Ø§Ø±Ø²Ø§Ù‚ ÙØ§Ù† Ø§Ù„Ù„Ù‡ Ø¹Ù„Ù‰ ÙƒÙ„ Ø´ÙŠØ¡ Ù‚Ø¯ÙŠØ±,positive,2018-01-05T22:04:31+0000,https://www.facebook.com/298166859034_10155984251419035
"Ù†Ù‚ÙˆÙ… Ø§Ù„ØµØ¨Ø§Ø­ğŸ£ğŸ˜´â°ğŸ˜• Ù†Ø­Ù„ ÙƒÙˆÙ†ÙƒØ³ÙŠÙˆÙ†ğŸ˜ğŸ˜€ Ø¥Ù„ÙŠ Ù‡ÙŠ Ø¨Ø§Ù„Ø·Ø¨ÙŠØ¹Ø© Ø£ÙˆØ±Ù†Ø¬ ğŸ˜‰Ùˆ Ù†Ø¨Ø¯Ù‰ Ù†Ø´ÙˆÙ Ø¢Ø´ ÙÙ…Ø§ Ø£Ø®Ø¨Ø§Ø± Ø¬Ø¯ÙŠØ¯Ø©ğŸ˜‰ Ùˆ Ù†Ù„ÙˆØ¬ ÙÙŠ Ø¨Ø§Ø¬Ø§Øª Ø£ÙˆØ±Ù†Ø¬ Ù†Ù„Ù‚Ø§Ø´ Ù…Ø³Ø§Ø¨Ù‚Ø© Ù†Ø´Ø§Ø±Ùƒ ÙÙŠÙ‡Ø§ ğŸ˜‡ÙÙ…Ø§Ø´ Ù…Ø§ Ù†Ø±Ø¨Ø­ Ø­ÙˆÙŠØ¬Ø©ğŸ˜ğŸ˜€ Ùˆ Ø´ÙŠ Ù…Ø§ Ø¹Ù†Ø¯ÙŠØ´ Ø²Ù‡Ø±ğŸ˜‚ğŸ˜¯ Ø§Ù†Ø´Ø§Ø¡ Ø§Ù„Ù„Ù‡ Ù†Ø±Ø¨Ø­ Ù…Ø¹Ø§ÙƒÙ…ğŸ˜… Ùˆ ÙƒØ§Ù† Ù…Ø§ Ø±Ø¨Ø­ØªØ´ Ø¹Ø§Ø¯ÙŠğŸ˜ˆ Ù†Ø´Ø§Ø±Ùƒ Ù…Ø±Ø© Ø§Ø®Ø±Ù‰ ğŸ˜ˆØ­
Mercie ORANGE",positive,2018-01-05T21:29:03+0000,https://www.facebook.com/298166859034_10155984251419035
Ù†Ù‚ÙˆÙ… Ø§Ù„ØµØ¨Ø§Ø­ğŸ£ğŸ˜´â°ğŸ˜• Ù†Ø­Ù„ ÙƒÙˆÙ†ÙƒØ³ÙŠÙˆÙ†ğŸ˜ğŸ˜€ Ø¥Ù„ÙŠ Ù‡ÙŠ Ø¨Ø§Ù„Ø·Ø¨ÙŠØ¹Ø© Ø£ÙˆØ±Ù†Ø¬ ğŸ˜‰Ùˆ Ù†Ø¨Ø¯Ù‰ Ù†Ø´ÙˆÙ Ø¢Ø´ ÙÙ…Ø§ Ø£Ø®Ø¨Ø§Ø± Ø¬Ø¯ÙŠØ¯Ø©ğŸ˜‰ Ùˆ Ù†Ù„ÙˆØ¬ ÙÙŠ Ø¨Ø§Ø¬Ø§Øª Ø£ÙˆØ±Ù†Ø¬ Ù†Ù„Ù‚Ø§Ø´ Ù…Ø³Ø§Ø¨Ù‚Ø© Ù†Ø´Ø§Ø±Ùƒ ÙÙŠÙ‡Ø§ ğŸ˜‡ÙÙ…Ø§Ø´ Ù…Ø§ Ù†Ø±Ø¨Ø­ Ø­ÙˆÙŠØ¬Ø©ğŸ˜ğŸ˜€ Ùˆ Ø´ÙŠ Ù…Ø§ Ø¹Ù†Ø¯ÙŠØ´ Ø²Ù‡Ø±ğŸ˜‚ğŸ˜¯ Ø§Ù†Ø´Ø§Ø¡ Ø§Ù„Ù„Ù‡ Ù†Ø±Ø¨Ø­ Ù…Ø¹Ø§ÙƒÙ…ğŸ˜… Ùˆ ÙƒØ§Ù† Ù…Ø§ Ø±Ø¨Ø­ØªØ´ Ø¹Ø§Ø¯ÙŠğŸ˜ˆ Ù†Ø´Ø§Ø±Ùƒ Ù…Ø±Ø© Ø§Ø®Ø±Ù‰ Ø£Ø®ØªÙƒÙ… Ù…Ø±ÙŠÙ…,positive,2018-01-05T22:20:47+0000,https://www.facebook.com/298166859034_10155984251419035
ğŸ˜ªğŸ˜”â˜•ğŸ°ğŸ¤“ğŸ˜µ ğŸºğŸ¤ªğŸ“²ğŸ¶ğŸ¶ğŸ˜ˆ===} Ø§Ù„ØªØ±Ø¬Ù…Ø© : ÙÙ‚Øª Ù…Ù† Ø§Ù„Ù†ÙˆÙ… ØªØ§Ø¹Ø¨ Ø¹Ù…Ù„Øª Ø§ÙƒØ³Ø¨Ø±Ø§Ø³ ÙˆÙƒØ¹Ø¨Ø© ÙƒØ±ÙˆØ§Ø³ÙˆÙ† ØªØ¹Ø¯ÙŠØª Ù†Ø®Ø¯Ù… ÙˆØ¬Ø¹Ù†ÙŠ Ø±Ø§Ø³ÙŠ Ø¹Ù…Ù„Øª Ù…Ø§ ØªÙŠØ³Ø± Ù…Ù† Ù…Ø´Ø±ÙˆØ¨ Ø§Ù„Ø´Ø¹ÙŠØ± Ø§Ù„Ø®Ø§Ù„ÙŠ Ù…Ù† Ø§Ù„Ø±ØµØ§Øµ ÙˆØ§Ù„ÙƒØ­ÙˆÙ„ Ù†Ø­ÙŠØª ØºÙ…Ù‘Ø© Ù…Ù† Ù‚Ù„Ø¨ÙŠ ÙˆÙ…Ø§Ù†Ù‚ØµÙ†ÙŠ ÙƒØ§Ù† Samsung Grand Prime Ø¨Ø§Ø´ Ù†ÙØ±Ø¹Ù† Ø¨Ø´ÙˆÙŠØ© Ù…ÙˆØ³ÙŠÙ‚Ù‰,positive,2018-01-05T21:06:30+0000,https://www.facebook.com/298166859034_10155984251419035
"Ù†Ù‚ÙˆÙ… Ø§Ù„ØµØ¨Ø§Ø­ Ù†ÙØ·Ø± Ùˆ Ù†ØµÙ„ÙŠ ÙˆÙƒØ§Ù† ÙÙ…Ø§ Ù…Ø¹Ø§ÙˆÙ†Ø© ØµØºÙŠØ±Ø© Ù†Ø¹Ø§ÙˆÙ† Ø®Ø§Ø·Ø± Ø³Ø§Ù‚ÙŠ ØªÙˆØ¬Ø¹ ÙÙŠØ© Ø¹Ù…Ù„Øª Ø¹Ù…Ø§Ù„ÙŠØ© Ùˆ Ø¨Ø¹Ø¯ Ù†Ø´Ø¯ Ø§Ù„ØµØ§Ù„Ø© Ù†Ø­Ù„ tv ,Ùˆ Ø¨Ø·Ø¨ÙŠØ¹Ø© Ù†Ù„Ù‚Ø§Ù‡Ø§ Ù…Ù‚ÙŠÙ†Ø© Ù†Ù„Ø¹Ø¨ candy crash Ù†Ù‚Ù„Ù‚ Ù†Ø­Ù„ Ø§Ù†ØªØ±Ù†Ø§Øª Ø´ÙˆÙŠØ© Ù†Ø´Ø§Ø±Ùƒ ÙÙŠ Ø§Ù„Ù…Ø³Ø§Ø¨Ù‚Ø§Øª ÙƒÙŠÙ Ø§Ù„Ù†Ø§Ø³ Ø§Ù„ÙƒÙ„ Ù†Ø³ÙƒØ± Ù†Ù…Ø´ÙŠ Ø´ÙˆÙŠØ© ÙÙŠ Ø§Ù„Ø¯Ø§Ø± Ø¨Ø§Ø´ Ù†Ø¯ÙˆØ± Ø´ÙˆÙŠØ© Ø§Ù„Ø¯Ù… :/  ÙˆÙƒÙ„ ÙŠÙˆÙ… Ù†ÙØ³ Ø§Ù„Ù†Ù‡Ø§Ø± ÙŠØªØ¹Ø§ÙˆØ¯ Ù†Ø´Ø§Ø¡ Ø§Ù„Ù„Ù‡ Ù†Ø±Ø¨Ø­ ÙÙ…Ø§Ø´ Ù…Ø§ ÙŠØªÙ†Ø­ Ø§Ù„Ø±ÙˆØªÙŠÙ† Ø´ÙˆÙŠØ© ÙˆØ§Ù„Ù‚Ù„Ù‚ mr6 oronge",positive,2018-01-05T22:11:12+0000,https://www.facebook.com/298166859034_10155984251419035
Ù†Ø±ÙˆØ­ ØµØ¨Ø§Ø­â˜‰ Ù…Ø§Ù„Ø®Ø¯Ù…Ø©ğŸ“ğŸ“ Ù†Ø§Ù‚Øµ Ù†ÙˆÙ… ğŸ’¤ğŸ’¤ Ù†ÙÙŠÙ‚ Ù„Ø¹Ø´ÙŠØ© ğŸ˜‘ Ù…Ø¬ÙˆØ¬Ù…ğŸ˜£ ğŸ’« Ø¯ÙŠØ±Ø§ÙƒØª Ù†Ø¹Ù…Ù„ Ù‚Ù‡ÙˆØ© â›¾ Ùˆ Ù†Ù…Ø´ÙŠ Ù„Ù‚Ø§Ø¹Ø© Ø±ÙŠØ§Ø¶Ø© ğŸ¾ğŸ¾ğŸ€ Ùˆ Ø¨Ø¹Ø¯Ù‡Ø§ Ù„Ù‚Ù‡ÙˆØ© Ø§Ù„Ø­ÙˆÙ…Ø© ğŸ˜ Ùˆ Ø§Ù„Ø¨ÙŠÙ„ÙˆØªâ™¥â™  Ø¹Ù„Ù‰ Ø¹Ø¬Ù„Ø© ğŸ•¡ğŸ•™ Ø­ØªÙ‰ Ù„ÙŠÙ† ÙŠØ¬ÙŠ Ù„ÙŠÙ„ Ùˆ Ø³Ù‡Ø±ÙŠØ§ØªÙˆ Ùˆ Ù…ÙˆØ²ÙŠÙƒØªÙˆØ§ â™¬ğŸ‘,positive,2018-01-05T22:38:01+0000,https://www.facebook.com/298166859034_10155984251419035
Ù†Ù‚ÙˆÙ… Ø§Ù„ØµØ¨Ø§Ø­ ğŸŒÙ†Ù…Ø´ÙŠ Ù†Ø·Ù„ Ø¹Ù„Ù‰ Ø²Ù…Ù„Ø§Ø¦ÙŠ ğŸ‘¬ğŸ‘­Ø§Ù„Ù…Ø¹ØªØµÙ…ÙŠÙ† Ø£Ù…Ø§Ù… Ù…Ù‚Ø± Ø¥ØªØ­Ø§Ø¯ Ø§Ù„Ø´ØºÙ„ğŸ¢ Ø¥Ù„ÙŠ Ù…Ø§ ØªÙ„ÙØªÙ„Ù†Ø§ Ø­Ø¯ ğŸ˜¤Ù…Ø¨Ø¹Ø¯ Ù†Ø±ÙˆØ­ Ù†Ù‚Ø±ÙŠ etude ÙÙŠ Ø§Ù„Ø¯Ø§Ø± Ø¥Ù„ÙŠ ÙŠØ­Ø¨Ùˆ ÙŠØ®Ø±Ø¬ÙˆÙ†Ø§ Ù…Ù†Ù‡Ø§ ğŸ˜¢ÙˆØªÙˆØ§ Ù‡Ø§Ù†ÙŠ cnctÃ©e ğŸ˜…,positive,2018-01-05T21:01:12+0000,https://www.facebook.com/298166859034_10155984251419035
"Ø§Ù„Ø³Ù„Ø§Ù… Ø¹ÙŠÙƒÙ…
Ù†Ù‚ÙˆÙ… Ø§Ù„ØµØ¨Ø§Ø­ Ø§Ù„Ø®Ù…Ø³Ø© ÙˆÙ†Øµ Ù†Ù…Ø´ÙŠ Ù„Ù„Ù‚Ù‡ÙˆØ© Ù†ÙƒÙˆÙ†ÙƒØªÙŠ Ø´ÙˆÙŠØ© Ø­ØªÙ‰ Ù„Ù„Ø³ØªØ© ÙˆÙ†Øµ ÙˆØ¨Ø¹Ø¯ Ù†Ø´Ø±ÙŠ Ø§Ù„Ø­Ù„ÙŠØ¨ Ùˆ Ø§Ù„Ø®Ø¨Ø² ÙˆØ§Ù„ÙƒØ±ÙˆØ§Ø³ÙˆÙ† Ù„Ù„ØµØºØ§Ø± ÙˆÙ†Ø±ÙˆØ­ Ù†Ø¹Ø§ÙˆÙ† Ù…Ø±ØªÙŠ Ø¹Ø§Ù‰ Ø§Ù„ØµØºØ§Ø± Ù†Ù„Ø¨Ø³ÙˆÙ‡Ù… ÙˆÙ†ÙØ·Ø±ÙˆÙ‡Ù… ÙˆÙ†Ø§Ø®Ø°ÙˆÙ„Ù‡Ù… Ù„Ù…Ø¬Ø© Ùˆ Ø§Ù„ÙØ·ÙˆØ± ÙˆÙ†Ù‚ØµØ¯ Ø±Ø¨ÙŠ Ù†ÙˆØµÙ„Ù‡Ù… Ù„Ù„Ø±ÙˆØ¶Ø© .
Ùˆ Ø¨Ø¹Ø¯ Ù†Ù…Ø´ÙŠ Ù„Ù„Ø®Ø¯Ù…Ø© Ø­ØªÙ‰ Ù„Ù„Ø®Ù…Ø³Ø© ÙˆÙ†Øµ Ù…ØªØ§Ø¹ Ø§Ù„Ø¹Ø´ÙŠØ© ÙˆØ§Ù†Ø§ Ù…Ø±ÙˆØ­ Ù†ØªØ¹Ø¯Ø§ Ø¹Ù„Ù‰ Ø§Ù„Ø±ÙˆØ¶Ø© Ù†Ø±ÙˆØ­ Ø¨Ø§Ù„ØµØºØ§Ø± Ù„Ù„Ø¯Ø§Ø± Ùˆ Ù†Ù…Ø´ÙŠ Ù„Ù„Ù‚Ù‡ÙˆØ© Ù†Ù‚Ø¹Ø¯ Ø´ÙˆÙŠØ© Ù…Ø¯Ø§Ù… Ø­Ø¶Ø± Ø§Ù„Ø¹Ø´Ø§Ø¡ Ù†Ø±ÙˆØ­ Ø§Ù„Ø³Ø¨Ø¹Ø© Ùˆ Ù†Øµ Ù…Ù† Ø§Ù„Ù‚Ù‡ÙˆØ© Ù†Ù‚Ø¹Ø¯ Ù†Ù‚Ø±ÙŠ Ø´ÙˆÙŠØ© Ø§Ù„ØµØºØ§Ø± Ùˆ Ù†Ø±Ø§Ø¬Ø¹Ù„Ù‡Ù… Ø¯Ø±ÙˆØ³Ù‡Ù… Ø­ØªÙ‰ Ø§Ù„ØªØ³Ø¹Ø© ÙˆÙ†Øµ. Ø¨Ø¹Ø¯ Ù†Ù‡Ø²Ù‡Ù… Ù„Ø¨ÙŠØªÙ‡Ù… Ù†Ø±Ù‚Ø¯Ù‡Ù… Ùˆ Ù†Ø­ÙƒÙŠÙ„Ù‡Ù… Ø­ÙƒØ§ÙŠØ© Ø­ØªÙ‰ ÙŠÙ‡Ø²Ù‡Ù… Ø§Ù„Ù†ÙˆÙ… Ùˆ Ù†Ù…Ø´ÙŠ Ù„Ø¨ÙŠØªÙŠ Ù†Ù‚Ø¹Ø¯ Ø´ÙˆÙŠØ© Ø§Ù†Ø§ Ùˆ Ø§Ù„Ù…Ø±Ø§ Ù†Ø­ÙƒÙŠÙˆØ§ Ùˆ Ù†ÙØ¯Ù„ÙƒÙˆØ§ Ø³ÙˆÙŠØ¹Ø© Ù…Ù† Ø²Ù…Ø§Ù† Ùˆ Ù†Ø±Ù‚Ø¯ÙˆØ§ Ù…Ø¹ Ø§Ù„Ø¹Ø´Ø±Ø© ÙˆÙ†Øµ
Ù‡Ø§Ø°Ø§ÙƒØ§ Ø§Ù„Ø¨Ø±Ù†Ø§Ù…Ø¬ Ø§Ù„ÙŠÙˆÙ…ÙŠ Ù„Ø®ÙˆÙƒÙ…
Ùˆ Ø´ÙƒØ±Ø±Ø±Ø±Ø§",positive,2018-01-06T10:56:00+0000,https://www.facebook.com/298166859034_10155984251419035
"Ù†Ù‚ÙˆÙ… Ø§Ù„ØµØ¨Ø§Ø­ğŸ£ğŸ˜´â°ğŸ˜• Ù†Ø­Ù„ ÙƒÙˆÙ†ÙƒØ³ÙŠÙˆÙ†ğŸ˜ğŸ˜€ Ø¥Ù„ÙŠ Ù‡ÙŠ Ø¨Ø§Ù„Ø·Ø¨ÙŠØ¹Ø© Ø£ÙˆØ±Ù†Ø¬ ğŸ˜‰Ùˆ Ù†Ø¨Ø¯Ù‰ Ù†Ø´ÙˆÙ Ø¢Ø´ ÙÙ…Ø§ Ø£Ø®Ø¨Ø§Ø± Ø¬Ø¯ÙŠØ¯Ø©ğŸ˜‰ Ùˆ Ù†Ù„ÙˆØ¬ ÙÙŠ Ø¨Ø§Ø¬Ø§Øª Ø£ÙˆØ±Ù†Ø¬ Ù†Ù„Ù‚Ø§Ø´ Ù…Ø³Ø§Ø¨Ù‚Ø© Ù†Ø´Ø§Ø±Ùƒ ÙÙŠÙ‡Ø§ ğŸ˜‡ÙÙ…Ø§Ø´ Ù…Ø§ Ù†Ø±Ø¨Ø­ Ø­ÙˆÙŠØ¬Ø©ğŸ˜ğŸ˜€ Ùˆ Ø´ÙŠ Ù…Ø§ Ø¹Ù†Ø¯ÙŠØ´ Ø²Ù‡Ø±ğŸ˜‚ğŸ˜¯ Ø§Ù†Ø´Ø§Ø¡ Ø§Ù„Ù„Ù‡ Ù†Ø±Ø¨Ø­ Ù…Ø¹Ø§ÙƒÙ…ğŸ˜… Ùˆ ÙƒØ§Ù† Ù…Ø§ Ø±Ø¨Ø­ØªØ´ Ø¹Ø§Ø¯ÙŠğŸ˜ˆ Ù†Ø´Ø§Ø±Ùƒ Ù…Ø±Ø© Ø§Ø®Ø±Ù‰ ğŸ˜ˆØ­
Mercie ORANGE",positive,2018-01-05T23:37:36+0000,https://www.facebook.com/298166859034_10155984251419035
Ù‡Ù‡Ù‡Ù‡Ù‡Ù‡Ù‡ ØªØ¹Ø±Ù ÙƒÙØ§Ø´ Ù†Ø¹Ø¯ÙŠÙ‡ Ù†Ù‡Ø§Ø±ÙŠ Ù‡Ù‡Ù‡ Ø§ÙˆÙƒÙŠ  Ù…Ù„ÙŠ Ù†Ù‚ÙˆÙ… Ùˆ Ø§Ù†Ø§ Ù†Ø´Ø±Ø¬ÙŠ ÙÙŠ ØªÙ„ÙŠÙÙˆÙ† ÙˆÙ„ÙƒÙ†ÙƒØ³ÙŠÙ† Ø¨Ø·Ø¨ÙŠØ¹Ø© Ø§ÙˆØ±Ù†Ø¬ğŸ’•ğŸ’•ğŸ’ğŸ’‹ğŸ’‹ğŸ’‹ğŸ˜ğŸ˜ Ù†ÙƒÙˆÙ†ÙƒØªÙŠ ÙˆÙ†Ø¹Ø§ÙˆØ¯ Ù†Ø´Ø±Ø¬ÙŠ ØªÙ„ÙŠÙÙˆÙ† Ù‡Ù‡Ù‡Ù‡ ÙƒØ§Ù† Ø¬Ø§  Ø´Ø±Ø¬Ø§ÙˆØ± ÙŠØªÙƒÙ„Ù… Ø±Ø§Ù‡ÙˆØ§Ø§Ø§ Ø´ÙƒØ§ Ø¨ÙŠØ© ğŸ˜¢ğŸ˜¢ğŸ˜¢ğŸ˜¢ ØªÙ„ÙŠÙÙˆÙ†ÙŠ Ù…Ø¹Ø§Ø¯Ø´ Ø§Ø´Ø¯ Ø´Ø§Ø±Ø¬ ğŸ˜­ğŸ˜­ğŸ˜­ğŸ˜­ğŸ˜­ğŸ˜¤,positive,2018-01-05T22:00:07+0000,https://www.facebook.com/298166859034_10155984251419035
"Ù†Ù‚ÙˆÙ… Ø§Ù„ØµØ¨Ø§Ø­ğŸ£ğŸ˜´â°ğŸ˜• Ù†Ø­Ù„ ÙƒÙˆÙ†ÙƒØ³ÙŠÙˆÙ†ğŸ˜ğŸ˜€ Ø¥Ù„ÙŠ Ù‡ÙŠ Ø¨Ø§Ù„Ø·Ø¨ÙŠØ¹Ø© Ø£ÙˆØ±Ù†Ø¬ ğŸ˜‰Ùˆ Ù†Ø¨Ø¯Ù‰ Ù†Ø´ÙˆÙ Ø¢Ø´ ÙÙ…Ø§ Ø£Ø®Ø¨Ø§Ø± Ø¬Ø¯ÙŠØ¯Ø©ğŸ˜‰ Ùˆ Ù†Ù„ÙˆØ¬ ÙÙŠ Ø¨Ø§Ø¬Ø§Øª Ø£ÙˆØ±Ù†Ø¬ Ù†Ù„Ù‚Ø§Ø´ Ù…Ø³Ø§Ø¨Ù‚Ø© Ù†Ø´Ø§Ø±Ùƒ ÙÙŠÙ‡Ø§ ğŸ˜‡ÙÙ…Ø§Ø´ Ù…Ø§ Ù†Ø±Ø¨Ø­ Ø­ÙˆÙŠØ¬Ø©ğŸ˜ğŸ˜€ Ùˆ Ø´ÙŠ Ù…Ø§ Ø¹Ù†Ø¯ÙŠØ´ Ø²Ù‡Ø±ğŸ˜‚ğŸ˜¯ Ø§Ù†Ø´Ø§Ø¡ Ø§Ù„Ù„Ù‡ Ù†Ø±Ø¨Ø­ Ù…Ø¹Ø§ÙƒÙ…ğŸ˜… Ùˆ ÙƒØ§Ù† Ù…Ø§ Ø±Ø¨Ø­ØªØ´ Ø¹Ø§Ø¯ÙŠğŸ˜ˆ Ù†Ø´Ø§Ø±Ùƒ Ù…Ø±Ø© Ø§Ø®Ø±Ù‰ ğŸ˜ˆØ­
Mercie ORANGE",positive,2018-01-05T23:20:11+0000,https://www.facebook.com/298166859034_10155984251419035
"Ù†Ù‚ÙˆÙ… Ø§Ù„ØµØ¨Ø§Ø­ğŸ£ğŸ˜´â°ğŸ˜• Ù†Ø­Ù„ ÙƒÙˆÙ†ÙƒØ³ÙŠÙˆÙ†ğŸ˜ğŸ˜€ Ø¥Ù„ÙŠ Ù‡ÙŠ Ø¨Ø§Ù„Ø·Ø¨ÙŠØ¹Ø© Ø£ÙˆØ±Ù†Ø¬ ğŸ˜‰Ùˆ Ù†Ø¨Ø¯Ù‰ Ù†Ø´ÙˆÙ Ø¢Ø´ ÙÙ…Ø§ Ø£Ø®Ø¨Ø§Ø± Ø¬Ø¯ÙŠØ¯Ø©ğŸ˜‰ Ùˆ Ù†Ù„ÙˆØ¬ ÙÙŠ Ø¨Ø§Ø¬Ø§Øª Ø£ÙˆØ±Ù†Ø¬ Ù†Ù„Ù‚Ø§Ø´ Ù…Ø³Ø§Ø¨Ù‚Ø© Ù†Ø´Ø§Ø±Ùƒ ÙÙŠÙ‡Ø§ ğŸ˜‡ÙÙ…Ø§Ø´ Ù…Ø§ Ù†Ø±Ø¨Ø­ Ø­ÙˆÙŠØ¬Ø©ğŸ˜ğŸ˜€ Ùˆ Ø´ÙŠ Ù…Ø§ Ø¹Ù†Ø¯ÙŠØ´ Ø²Ù‡Ø±ğŸ˜‚ğŸ˜¯ Ø§Ù†Ø´Ø§Ø¡ Ø§Ù„Ù„Ù‡ Ù†Ø±Ø¨Ø­ Ù…Ø¹Ø§ÙƒÙ…ğŸ˜… Ùˆ ÙƒØ§Ù† Ù…Ø§ Ø±Ø¨Ø­ØªØ´ Ø¹Ø§Ø¯ÙŠğŸ˜ˆ Ù†Ø´Ø§Ø±Ùƒ Ù…Ø±Ø© Ø§Ø®Ø±Ù‰ ğŸ˜ˆ Ùˆ Ø¨Ø¹Ø¯ Ù†Ø¹Ù…Ù„ Ù‚Ù‡ÙˆØ© Ùˆ ÙÙŠ Ù„Ø¹Ø´ÙŠØ© Ù†ØªØ±Ø§Ù†Ø© 
Mercie ORANGE",positive,2018-01-05T22:19:58+0000,https://www.facebook.com/298166859034_10155984251419035
N9oum esbe7 ki nes lkol hhh ** copier coller**  ğŸ˜ªğŸ˜”â˜•ğŸ°ğŸ¤“ğŸ˜µ ğŸºğŸ¤ªğŸ“²ğŸ¶ğŸ¶ğŸ˜ˆ===} Ø§Ù„ØªØ±Ø¬Ù…Ø© : ÙÙ‚Øª Ù…Ù† Ø§Ù„Ù†ÙˆÙ… ØªØ§Ø¹Ø¨ Ø¹Ù…Ù„Øª Ø§ÙƒØ³Ø¨Ø±Ø§Ø³ ÙˆÙƒØ¹Ø¨Ø© ÙƒØ±ÙˆØ§Ø³ÙˆÙ† ØªØ¹Ø¯ÙŠØª Ù†Ø®Ø¯Ù… ÙˆØ¬Ø¹Ù†ÙŠ Ø±Ø§Ø³ÙŠ Ø¹Ù…Ù„Øª Ù…Ø§ ØªÙŠØ³Ø± Ù…Ù† Ù…Ø´Ø±ÙˆØ¨ Ø§Ù„Ø´Ø¹ÙŠØ± Ø§Ù„Ø®Ø§Ù„ÙŠ Ù…Ù† Ø§Ù„Ø±ØµØ§Øµ ÙˆØ§Ù„ÙƒØ­ÙˆÙ„ Ù†Ø­ÙŠØª ØºÙ…Ù‘Ø© Ù…Ù† Ù‚Ù„Ø¨ÙŠ ÙˆÙ…Ø§Ù†Ù‚ØµÙ†ÙŠ ÙƒØ§Ù† Samsung Grand Prime Ø¨Ø§Ø´ Ù†ÙØ±Ø¹Ù† Ø¨Ø´ÙˆÙŠØ© Ù…ÙˆØ³ÙŠÙ‚Ù‰,positive,2018-01-05T22:08:54+0000,https://www.facebook.com/298166859034_10155984251419035
"Ù†Ù‚ÙˆÙ… Ø§Ù„ØµØ¨Ø§Ø­ğŸ£ğŸ˜´â°ğŸ˜• Ù†Ø­Ù„ ÙƒÙˆÙ†ÙƒØ³ÙŠÙˆÙ†ğŸ˜ğŸ˜€ Ø¥Ù„ÙŠ Ù‡ÙŠ Ø¨Ø§Ù„Ø·Ø¨ÙŠØ¹Ø© Ø£ÙˆØ±Ù†Ø¬ ğŸ˜‰Ùˆ Ù†Ø¨Ø¯Ù‰ Ù†Ø´ÙˆÙ Ø¢Ø´ ÙÙ…Ø§ Ø£Ø®Ø¨Ø§Ø± Ø¬Ø¯ÙŠØ¯Ø©ğŸ˜‰ Ùˆ Ù†Ù„ÙˆØ¬ ÙÙŠ Ø¨Ø§Ø¬Ø§Øª Ø£ÙˆØ±Ù†Ø¬ Ù†Ù„Ù‚Ø§Ø´ Ù…Ø³Ø§Ø¨Ù‚Ø© Ù†Ø´Ø§Ø±Ùƒ ÙÙŠÙ‡Ø§ ğŸ˜‡ÙÙ…Ø§Ø´ Ù…Ø§ Ù†Ø±Ø¨Ø­ Ø­ÙˆÙŠØ¬Ø©ğŸ˜ğŸ˜€ Ùˆ Ø´ÙŠ Ù…Ø§ Ø¹Ù†Ø¯ÙŠØ´ Ø²Ù‡Ø±ğŸ˜‚ğŸ˜¯ Ø§Ù†Ø´Ø§Ø¡ Ø§Ù„Ù„Ù‡ Ù†Ø±Ø¨Ø­ Ù…Ø¹Ø§ÙƒÙ…ğŸ˜… Ùˆ ÙƒØ§Ù† Ù…Ø§ Ø±Ø¨Ø­ØªØ´ Ø¹Ø§Ø¯ÙŠğŸ˜ˆ Ù†Ø´Ø§Ø±Ùƒ Ù…Ø±Ø© Ø§Ø®Ø±Ù‰ ğŸ˜ˆØ­
Mercie ORANGE",positive,2018-01-06T19:17:56+0000,https://www.facebook.com/298166859034_10155984251419035
Ù†Ù‚ÙˆÙ… ØµØ¨Ø§Ø­ Ù†Ø­Ù„ ÙƒÙˆÙ†ÙƒØ³ÙŠÙˆÙ† Ø§Ù„ÙŠ Ù‡ÙŠ Ø§ÙˆØ±Ù†Ø¬ ÙˆÙ†Ø´ÙˆÙ Ø§Ø´ ÙÙ…Ø§ Ø§Ø®Ø¨Ø§Ø± Ø¬Ø¯ÙŠØ¯Ø© ÙˆÙ†Ù„ÙˆØ¬ ÙÙŠ Ø¨Ø§Ø¬Ø§Øª Ø§ÙˆØ±Ù†Ø¬ Ù†Ù„Ù‚Ø§Ø´ Ù…Ø³Ø§Ø¨Ù‚Ø§Øª Ù†Ø´Ø±Ùƒ ÙÙŠÙ‡Ù… Ù…ÙÙ…Ø§Ø´ Ù…Ø§Ù†Ø±Ø¨Ø­ Ø­ØªÙ‰ Ù…Ø±Ø© Ø­ÙˆÙŠØ¬Ø© ÙˆÙ…Ù† Ø¨Ø¹Ø¯ Ù†ÙØ·Ø± ÙˆÙ„Ø§Ø¯ÙŠ Ùˆ Ù„Ù… Ø¯Ø§Ø±ÙŠ Ùˆ Ù†Ø·ÙŠØ¨ ÙØ·ÙˆØ±ÙŠ Ø§Ù†Ø´Ø§Ø§Ù„Ù„Ù‡ Ù†Ø±Ø¨Ø­ ÙˆØ´ÙƒØ±Ø§ Ø§ÙˆØ±Ù†Ø¬,positive,2018-01-05T21:49:38+0000,https://www.facebook.com/298166859034_10155984251419035
ğŸ˜ªğŸ˜”â˜•ğŸ°ğŸ¤“ğŸ˜µ ğŸºğŸ¤ªğŸ“²ğŸ¶ğŸ¶ğŸ˜ˆ===} Ø§Ù„ØªØ±Ø¬Ù…Ø© : ÙÙ‚Øª Ù…Ù† Ø§Ù„Ù†ÙˆÙ… ØªØ§Ø¹Ø¨ Ø¹Ù…Ù„Øª Ø§ÙƒØ³Ø¨Ø±Ø§Ø³ ÙˆÙƒØ¹Ø¨Ø© ÙƒØ±ÙˆØ§Ø³ÙˆÙ† ØªØ¹Ø¯ÙŠØª Ù†Ø®Ø¯Ù… ÙˆØ¬Ø¹Ù†ÙŠ Ø±Ø§Ø³ÙŠ Ø¹Ù…Ù„Øª Ù…Ø§ ØªÙŠØ³Ø± Ù…Ù† Ù…Ø´Ø±ÙˆØ¨ Ø§Ù„Ø´Ø¹ÙŠØ± Ø§Ù„Ø®Ø§Ù„ÙŠ Ù…Ù† Ø§Ù„Ø±ØµØ§Øµ ÙˆØ§Ù„ÙƒØ­ÙˆÙ„ Ù†Ø­ÙŠØª ØºÙ…Ù‘Ø© Ù…Ù† Ù‚Ù„Ø¨ÙŠ ÙˆÙ…Ø§Ù†Ù‚ØµÙ†ÙŠ ÙƒØ§Ù† Samsung Grand Prime Ø¨Ø§Ø´ Ù†ÙØ±Ø¹Ù† Ø¨Ø´ÙˆÙŠØ© Ù…ÙˆØ³ÙŠÙ‚Ù‰,positive,2018-01-05T20:38:47+0000,https://www.facebook.com/298166859034_10155984251419035
Ù†Ù‚ÙˆÙ… Ø§Ù„ØµØ¨Ø§Ø­ Ù†Ø­Ù„ ÙƒÙˆÙ†ÙƒØ³ÙŠÙˆÙ† Ø¥Ù„ÙŠ Ù‡ÙŠØ§ Ø¨Ø§Ù„Ø·Ø¨ÙŠØ¹Ø© Ø£ÙˆØ±ÙˆÙ†Ø­ Ùˆ Ù†Ø¨Ø¯Ù‰ Ù†Ø´ÙˆÙ Ø¢Ø´ ÙÙ…Ø§ Ø£Ø®Ø¨Ø§Ø± Ø¬Ø¯ÙŠØ¯Ø© Ùˆ Ù†Ù„ÙˆØ¬ ÙÙŠ Ø¨Ø§Ø¬Ø§Øª Ø£ÙˆØ±Ù†Ø¬ Ù†Ù„Ù‚Ø§Ø´ Ù…Ø³Ø§Ø¨Ù‚Ø© Ù†Ø´Ø§Ø±Ùƒ ÙÙŠÙ‡Ø§ ÙÙ…Ø§Ø´ Ù…Ø§ Ù†Ø±Ø¨Ø­ Ø­ÙˆÙŠØ¬Ø© Ùˆ Ø´ÙŠ Ù…Ø§ Ø¹Ù†Ø¯ÙŠØ´ Ø²Ù‡Ø± Ø§Ù†Ø´Ø§Ø¡ Ø§Ù„Ù„Ù‡  Ù†Ø±Ø¨Ø­ Ù…Ø¹Ø§ÙƒÙ… Ùˆ ÙƒØ§Ù†  Ù…Ø§ Ø±Ø¨Ø­ØªØ´ Ø¹Ø§Ø¯ÙŠ Ù†Ø´Ø§Ø±Ùƒ Ù…Ø±Ø© Ø£Ø®Ø±Ù‰ merci oronge,positive,2018-01-05T21:53:58+0000,https://www.facebook.com/298166859034_10155984251419035
"Ù†Ù‚ÙˆÙ… Ø§Ù„ØµØ¨Ø§Ø­ğŸ£ğŸ˜´â°ğŸ˜• Ù†Ø­Ù„ ÙƒÙˆÙ†ÙƒØ³ÙŠÙˆÙ†ğŸ˜ğŸ˜€ Ø¥Ù„ÙŠ Ù‡ÙŠ Ø¨Ø§Ù„Ø·Ø¨ÙŠØ¹Ø© Ø£ÙˆØ±Ù†Ø¬ ğŸ˜‰Ùˆ Ù†Ø¨Ø¯Ù‰ Ù†Ø´ÙˆÙ Ø¢Ø´ ÙÙ…Ø§ Ø£Ø®Ø¨Ø§Ø± Ø¬Ø¯ÙŠØ¯Ø©ğŸ˜‰ Ùˆ Ù†Ù„ÙˆØ¬ ÙÙŠ Ø¨Ø§Ø¬Ø§Øª Ø£ÙˆØ±Ù†Ø¬ Ù†Ù„Ù‚Ø§Ø´ Ù…Ø³Ø§Ø¨Ù‚Ø© Ù†Ø´Ø§Ø±Ùƒ ÙÙŠÙ‡Ø§ ğŸ˜‡ÙÙ…Ø§Ø´ Ù…Ø§ Ù†Ø±Ø¨Ø­ Ø­ÙˆÙŠØ¬Ø©ğŸ˜ğŸ˜€ Ùˆ Ø´ÙŠ Ù…Ø§ Ø¹Ù†Ø¯ÙŠØ´ Ø²Ù‡Ø±ğŸ˜‚ğŸ˜¯ Ø§Ù†Ø´Ø§Ø¡ Ø§Ù„Ù„Ù‡ Ù†Ø±Ø¨Ø­ Ù…Ø¹Ø§ÙƒÙ…ğŸ˜… Ùˆ ÙƒØ§Ù† Ù…Ø§ Ø±Ø¨Ø­ØªØ´ Ø¹Ø§Ø¯ÙŠğŸ˜ˆ Ù†Ø´Ø§Ø±Ùƒ Ù…Ø±Ø© Ø§Ø®Ø±Ù‰ ğŸ˜ˆ Ùˆ Ø¨Ø¹Ø¯ Ù†Ø¹Ù…Ù„ Ù‚Ù‡ÙˆØ© Ùˆ ÙÙŠ Ù„Ø¹Ø´ÙŠØ© Ù†ØªØ±Ø§Ù†Ø© 
Mercie Orange",positive,2018-01-06T17:16:43+0000,https://www.facebook.com/298166859034_10155984251419035
Ù†Ù‚ÙˆÙ… Ø§Ù„ØµØ¨Ø§Ø­ Ø¨Ø§Ù„Ø³ÙŠÙ  ÙŠØ¨Ø¯Ø§ Ø¶Ø§Ø±Ø¨Ù†ÙŠ Ø§Ù„Ù†ÙˆÙ… ÙˆØ§Ù„Ø¨Ø®Ù„ â€:(â€ â€:(â€â€ Ù†Ø±ÙƒØ­ Ø£Ù…ÙˆØ±ÙŠ Ù†ØµØ­ØµØ­ Ù†Ø´Ø±Ø¨ Ù‚Ù‡ÙˆØªÙŠ  â€:)â€â€ Ù†Ù…Ø´ÙŠ Ù†Ù‚Ø±Ø£ Ùˆ Ù†Ø¹Ø¯ÙŠ Ù†Ù‡Ø§Ø± ÙƒØ§Ù…Ù„ Ù„Ø¨Ø±Ø§Ø§ Ø¨ÙŠÙ† Ù‚Ø±Ø§ÙŠØ§ ... ÙØ·ÙˆØ± ... ÙƒÙˆÙ†ÙƒØ³ÙŠÙˆÙ† Ù†Ø´ÙˆÙ Ø´Ù†ÙˆØ© Ø§Ù„Ø¬Ø¯ÙŠØ¯ â€8-)â€â€ Ùˆ Ù†Ø³ØªÙ†Ù‰ ÙÙŠÙƒÙ… ØªÙ‡Ø¨Ø·ÙˆØ§ Ù„Ø¹Ø¨Ø© Ø¬Ø¯ÙŠØ¯Ø© Ø¨Ø§Ø´ Ù†Ø´Ø§Ø±Ùƒ â€;) Ù†Ø±ÙˆØ­ ØªØ§Ø¹Ø¨Ø© â€:/â€â€ Ù†ØªØ¹Ø´Ù‰ Ù†ØªÙØ±Ø¬ Ùˆ Ù†Ù‚Ø±Ø§ Ùˆ Ù†Ø±Ù‚Ø¯ Ùˆ Ù†Ø¹Ø§ÙˆØ¯Ø§â€:>â€,positive,2018-01-05T23:20:34+0000,https://www.facebook.com/298166859034_10155984251419035
"Ù†Ù‚ÙˆÙ… Ø§Ù„ØµØ¨Ø§Ø­ğŸ£ğŸ˜´â°ğŸ˜• Ù†Ø­Ù„ ÙƒÙˆÙ†ÙƒØ³ÙŠÙˆÙ†ğŸ˜ğŸ˜€ Ø¥Ù„ÙŠ Ù‡ÙŠ Ø¨Ø§Ù„Ø·Ø¨ÙŠØ¹Ø© Ø£ÙˆØ±Ù†Ø¬ ğŸ˜‰Ùˆ Ù†Ø¨Ø¯Ù‰ Ù†Ø´ÙˆÙ Ø¢Ø´ ÙÙ…Ø§ Ø£Ø®Ø¨Ø§Ø± Ø¬Ø¯ÙŠØ¯Ø©ğŸ˜‰ Ùˆ Ù†Ù„ÙˆØ¬ ÙÙŠ Ø¨Ø§Ø¬Ø§Øª Ø£ÙˆØ±Ù†Ø¬ Ù†Ù„Ù‚Ø§Ø´ Ù…Ø³Ø§Ø¨Ù‚Ø© Ù†Ø´Ø§Ø±Ùƒ ÙÙŠÙ‡Ø§ ğŸ˜‡ÙÙ…Ø§Ø´ Ù…Ø§ Ù†Ø±Ø¨Ø­ Ø­ÙˆÙŠØ¬Ø©ğŸ˜ğŸ˜€ Ùˆ Ø´ÙŠ Ù…Ø§ Ø¹Ù†Ø¯ÙŠØ´ Ø²Ù‡Ø±ğŸ˜‚ğŸ˜¯ Ø§Ù†Ø´Ø§Ø¡ Ø§Ù„Ù„Ù‡ Ù†Ø±Ø¨Ø­ Ù…Ø¹Ø§ÙƒÙ…ğŸ˜… Ùˆ ÙƒØ§Ù† Ù…Ø§ Ø±Ø¨Ø­ØªØ´ Ø¹Ø§Ø¯ÙŠğŸ˜ˆ Ù†Ø´Ø§Ø±Ùƒ Ù…Ø±Ø© Ø§Ø®Ø±Ù‰ ğŸ˜ˆ
Mercie ORANGE",positive,2018-01-06T06:13:31+0000,https://www.facebook.com/298166859034_10155984251419035
"Ù†Ù‚ÙˆÙ… Ø§Ù„ØµØ¨Ø§Ø­ğŸ£ğŸ˜´â°ğŸ˜• Ù†Ø­Ù„ ÙƒÙˆÙ†ÙƒØ³ÙŠÙˆÙ†ğŸ˜ğŸ˜€ Ø¥Ù„ÙŠ Ù‡ÙŠ Ø¨Ø§Ù„Ø·Ø¨ÙŠØ¹Ø© Ø£ÙˆØ±Ù†Ø¬ ğŸ˜‰Ùˆ Ù†Ø¨Ø¯Ù‰ Ù†Ø´ÙˆÙ Ø¢Ø´ ÙÙ…Ø§ Ø£Ø®Ø¨Ø§Ø± Ø¬Ø¯ÙŠØ¯Ø©ğŸ˜‰ Ùˆ Ù†Ù„ÙˆØ¬ ÙÙŠ Ø¨Ø§Ø¬Ø§Øª Ø£ÙˆØ±Ù†Ø¬ Ù†Ù„Ù‚Ø§Ø´ Ù…Ø³Ø§Ø¨Ù‚Ø© Ù†Ø´Ø§Ø±Ùƒ ÙÙŠÙ‡Ø§ ğŸ˜‡ÙÙ…Ø§Ø´ Ù…Ø§ Ù†Ø±Ø¨Ø­ Ø­ÙˆÙŠØ¬Ø©ğŸ˜ğŸ˜€ Ùˆ Ø´ÙŠ Ù…Ø§ Ø¹Ù†Ø¯ÙŠØ´ Ø²Ù‡Ø±ğŸ˜‚ğŸ˜¯ Ø§Ù†Ø´Ø§Ø¡ Ø§Ù„Ù„Ù‡ Ù†Ø±Ø¨Ø­ Ù…Ø¹Ø§ÙƒÙ…ğŸ˜… Ùˆ ÙƒØ§Ù† Ù…Ø§ Ø±Ø¨Ø­ØªØ´ Ø¹Ø§Ø¯ÙŠğŸ˜ˆ Ù†Ø´Ø§Ø±Ùƒ Ù…Ø±Ø© Ø§Ø®Ø±Ù‰ ğŸ˜ˆ
Mercie ORANGE",positive,2018-01-06T06:13:48+0000,https://www.facebook.com/298166859034_10155984251419035
"Ù†Ù‚ÙˆÙ… Ø§Ù„ØµØ¨Ø§Ø­ğŸ£ğŸ˜´â°ğŸ˜• Ù†Ø­Ù„ ÙƒÙˆÙ†ÙƒØ³ÙŠÙˆÙ†ğŸ˜ğŸ˜€ Ø¥Ù„ÙŠ Ù‡ÙŠ Ø¨Ø§Ù„Ø·Ø¨ÙŠØ¹Ø© Ø£ÙˆØ±Ù†Ø¬ ğŸ˜‰Ùˆ Ù†Ø¨Ø¯Ù‰ Ù†Ø´ÙˆÙ Ø¢Ø´ ÙÙ…Ø§ Ø£Ø®Ø¨Ø§Ø± Ø¬Ø¯ÙŠØ¯Ø©ğŸ˜‰ Ùˆ Ù†Ù„ÙˆØ¬ ÙÙŠ Ø¨Ø§Ø¬Ø§Øª Ø£ÙˆØ±Ù†Ø¬ Ù†Ù„Ù‚Ø§Ø´ Ù…Ø³Ø§Ø¨Ù‚Ø© Ù†Ø´Ø§Ø±Ùƒ ÙÙŠÙ‡Ø§ ğŸ˜‡ÙÙ…Ø§Ø´ Ù…Ø§ Ù†Ø±Ø¨Ø­ Ø­ÙˆÙŠØ¬Ø©ğŸ˜ğŸ˜€ Ùˆ Ø´ÙŠ Ù…Ø§ Ø¹Ù†Ø¯ÙŠØ´ Ø²Ù‡Ø±ğŸ˜‚ğŸ˜¯ Ø§Ù†Ø´Ø§Ø¡ Ø§Ù„Ù„Ù‡ Ù†Ø±Ø¨Ø­ Ù…Ø¹Ø§ÙƒÙ…ğŸ˜… Ùˆ ÙƒØ§Ù† Ù…Ø§ Ø±Ø¨Ø­ØªØ´ Ø¹Ø§Ø¯ÙŠğŸ˜ˆ Ù†Ø´Ø§Ø±Ùƒ Ù…Ø±Ø© Ø§Ø®Ø±Ù‰ ğŸ˜ˆØ­
Mercie ORANGE",positive,2018-01-05T23:11:26+0000,https://www.facebook.com/298166859034_10155984251419035
"Ù†Ù‚ÙˆÙ… Ø§Ù„ØµØ¨Ø§Ø­ğŸ£ğŸ˜´â°ğŸ˜• Ù†Ø­Ù„ ÙƒÙˆÙ†ÙƒØ³ÙŠÙˆÙ†ğŸ˜ğŸ˜€ Ø¥Ù„ÙŠ Ù‡ÙŠ Ø¨Ø§Ù„Ø·Ø¨ÙŠØ¹Ø© Ø£ÙˆØ±Ù†Ø¬ ğŸ˜‰Ùˆ Ù†Ø¨Ø¯Ù‰ Ù†Ø´ÙˆÙ Ø¢Ø´ ÙÙ…Ø§ Ø£Ø®Ø¨Ø§Ø± Ø¬Ø¯ÙŠØ¯Ø©ğŸ˜‰ Ùˆ Ù†Ù„ÙˆØ¬ ÙÙŠ Ø¨Ø§Ø¬Ø§Øª Ø£ÙˆØ±Ù†Ø¬ Ù†Ù„Ù‚Ø§Ø´ Ù…Ø³Ø§Ø¨Ù‚Ø© Ù†Ø´Ø§Ø±Ùƒ ÙÙŠÙ‡Ø§ ğŸ˜‡ÙÙ…Ø§Ø´ Ù…Ø§ Ù†Ø±Ø¨Ø­ Ø­ÙˆÙŠØ¬Ø©ğŸ˜ğŸ˜€ Ùˆ Ø´ÙŠ Ù…Ø§ Ø¹Ù†Ø¯ÙŠØ´ Ø²Ù‡Ø±ğŸ˜‚ğŸ˜¯ Ø§Ù†Ø´Ø§Ø¡ Ø§Ù„Ù„Ù‡ Ù†Ø±Ø¨Ø­ Ù…Ø¹Ø§ÙƒÙ…ğŸ˜… Ùˆ ÙƒØ§Ù† Ù…Ø§ Ø±Ø¨Ø­ØªØ´ Ø¹Ø§Ø¯ÙŠğŸ˜ˆ Ù†Ø´Ø§Ø±Ùƒ Ù…Ø±Ø© Ø§Ø®Ø±Ù‰ ğŸ˜ˆØ­
Mercie ORANGE",positive,2018-01-05T23:11:16+0000,https://www.facebook.com/298166859034_10155984251419035
"Ù†Ù‚ÙˆÙ… Ø§Ù„ØµØ¨Ø§Ø­ğŸ£ğŸ˜´â°ğŸ˜• Ù†Ø­Ù„ ÙƒÙˆÙ†ÙƒØ³ÙŠÙˆÙ†ğŸ˜ğŸ˜€ Ø¥Ù„ÙŠ Ù‡ÙŠ Ø¨Ø§Ù„Ø·Ø¨ÙŠØ¹Ø© Ø£ÙˆØ±Ù†Ø¬ ğŸ˜‰Ùˆ Ù†Ø¨Ø¯Ù‰ Ù†Ø´ÙˆÙ Ø¢Ø´ ÙÙ…Ø§ Ø£Ø®Ø¨Ø§Ø± Ø¬Ø¯ÙŠØ¯Ø©ğŸ˜‰ Ùˆ Ù†Ù„ÙˆØ¬ ÙÙŠ Ø¨Ø§Ø¬Ø§Øª Ø£ÙˆØ±Ù†Ø¬ Ù†Ù„Ù‚Ø§Ø´ Ù…Ø³Ø§Ø¨Ù‚Ø© Ù†Ø´Ø§Ø±Ùƒ ÙÙŠÙ‡Ø§ ğŸ˜‡ÙÙ…Ø§Ø´ Ù…Ø§ Ù†Ø±Ø¨Ø­ Ø­ÙˆÙŠØ¬Ø©ğŸ˜ğŸ˜€ Ùˆ Ø´ÙŠ Ù…Ø§ Ø¹Ù†Ø¯ÙŠØ´ Ø²Ù‡Ø±ğŸ˜‚ğŸ˜¯ Ø§Ù†Ø´Ø§Ø¡ Ø§Ù„Ù„Ù‡ Ù†Ø±Ø¨Ø­ Ù…Ø¹Ø§ÙƒÙ…ğŸ˜… Ùˆ ÙƒØ§Ù† Ù…Ø§ Ø±Ø¨Ø­ØªØ´ Ø¹Ø§Ø¯ÙŠ Ù†Ø´Ø§Ø±Ùƒ Ù…Ø±Ø© Ø§Ø®Ø±Ù‰
Mercie ORANGE",positive,2018-01-06T11:34:39+0000,https://www.facebook.com/298166859034_10155984251419035
"Ù†Ù‚ÙˆÙ… Ø§Ù„ØµØ¨Ø§Ø­ğŸ£ğŸ˜´â°ğŸ˜• Ù†Ø­Ù„ ÙƒÙˆÙ†ÙƒØ³ÙŠÙˆÙ†ğŸ˜ğŸ˜€ Ø¥Ù„ÙŠ Ù‡ÙŠ Ø¨Ø§Ù„Ø·Ø¨ÙŠØ¹Ø© Ø£ÙˆØ±Ù†Ø¬ ğŸ˜‰Ùˆ Ù†Ø¨Ø¯Ù‰ Ù†Ø´ÙˆÙ Ø¢Ø´ ÙÙ…Ø§ Ø£Ø®Ø¨Ø§Ø± Ø¬Ø¯ÙŠØ¯Ø©ğŸ˜‰ Ùˆ Ù†Ù„ÙˆØ¬ ÙÙŠ Ø¨Ø§Ø¬Ø§Øª Ø£ÙˆØ±Ù†Ø¬ Ù†Ù„Ù‚Ø§Ø´ Ù…Ø³Ø§Ø¨Ù‚Ø© Ù†Ø´Ø§Ø±Ùƒ ÙÙŠÙ‡Ø§ ğŸ˜‡ÙÙ…Ø§Ø´ Ù…Ø§ Ù†Ø±Ø¨Ø­ Ø­ÙˆÙŠØ¬Ø©ğŸ˜ğŸ˜€ Ùˆ Ø´ÙŠ Ù…Ø§ Ø¹Ù†Ø¯ÙŠØ´ Ø²Ù‡Ø±ğŸ˜‚ğŸ˜¯ Ø§Ù†Ø´Ø§Ø¡ Ø§Ù„Ù„Ù‡ Ù†Ø±Ø¨Ø­ Ù…Ø¹Ø§ÙƒÙ…ğŸ˜… Ùˆ ÙƒØ§Ù† Ù…Ø§ Ø±Ø¨Ø­ØªØ´ Ø¹Ø§Ø¯ÙŠğŸ˜ˆ Ù†Ø´Ø§Ø±Ùƒ Ù…Ø±Ø© Ø§Ø®Ø±Ù‰ ğŸ˜ˆØ­
Mercie ORANGE",positive,2018-01-05T23:11:36+0000,https://www.facebook.com/298166859034_10155984251419035
Bonjour merci Orange Comment rÃ©cupÃ©rer le cadeau de la carte de recharge gagnÃ©,positive,2018-01-08T11:22:17+0000,https://www.facebook.com/298166859034_10155984027249035
ye5a chnouwa tawa dima ncherek w la nhar rbe7et wallah 7ram 3likom,positive,2018-01-05T18:56:53+0000,https://www.facebook.com/298166859034_10155984027249035
Billehi nhar ilkoll wana ncharik oo marba7it 7ata marra,positive,2018-01-05T21:12:16+0000,https://www.facebook.com/298166859034_10155984027249035
Moi aussi dima ncharek lin tellement t3avez hram alikom,positive,2018-01-05T20:15:58+0000,https://www.facebook.com/298166859034_10155984027249035
Kifeh belehi najem encharek fi lo3ba,positive,2018-01-06T17:09:15+0000,https://www.facebook.com/298166859034_10155984027249035
ÙƒÙŠÙØ§Ø´ Ù†Ø¹Ø±Ù Ù‚Ø¯Ø§Ø´ Ø¹Ù†Ø¯ÙŠ Ù…Ù† Ù†Ù‚Ø·Ø© Ø§Ù„ÙƒÙˆØ¯ Ø¨Ù„ÙŠØ²,positive,2018-01-05T20:25:12+0000,https://www.facebook.com/298166859034_10155984027249035
wena wa9tech douriii ğŸ˜‹,positive,2018-01-05T19:39:21+0000,https://www.facebook.com/298166859034_10155984027249035
ÙŠØ§Ø®ÙŠ ÙˆÙ‚ØªØ§Ø´ Ø¨Ø¸Ø¨Ø· Ø§Ù„Ø£Ù„Ø¹Ø§Ø¨ Ù…ØªØ§Ø¹ÙƒÙ… Ù…Ù† Ù…Ø³ØªØ­Ø³Ù† ØªØ­Ø¯Ùˆ ÙˆÙ‚Øª ğŸ˜‹,positive,2018-01-05T19:27:41+0000,https://www.facebook.com/298166859034_10155984027249035
SAHA ALIKOM INCHALAH ANA ILMARA JAYA,positive,2018-01-05T20:02:25+0000,https://www.facebook.com/298166859034_10155984027249035
Saha lihom 3a9ba lia,positive,2018-01-05T19:01:44+0000,https://www.facebook.com/298166859034_10155984027249035
ÙˆÙ‚ØªØ§Ø´ ØªØ¨Ø¯ Ø§Ù„Ù„Ø¹Ø¨ Ø§Ù†Ø§ Ù†Ø­Ø¨ Ù†Ø±Ø¨Ø­,positive,2018-01-05T21:12:22+0000,https://www.facebook.com/298166859034_10155984027249035
Merciiiiiiiiiii orangeeee,positive,2018-01-05T19:49:54+0000,https://www.facebook.com/298166859034_10155984027249035
jfech nsherek,positive,2018-01-05T19:02:42+0000,https://www.facebook.com/298166859034_10155984027249035
Sa7a lihem,positive,2018-01-05T18:56:26+0000,https://www.facebook.com/298166859034_10155984027249035
N7eb nerba7,positive,2018-01-05T18:54:26+0000,https://www.facebook.com/298166859034_10155984027249035
Dima Ncerk ma rbo7tc,positive,2018-01-05T21:59:53+0000,https://www.facebook.com/298166859034_10155984027249035
Comment,positive,2018-01-05T19:20:00+0000,https://www.facebook.com/298166859034_10155984027249035
ye5a chnouwa tawa dima ncherek w la nhar rbe7et wallah 7ram 3likom,positive,2018-01-05T21:44:22+0000,https://www.facebook.com/298166859034_10155984027249035
Ye5a chnouwa tawa dima ncherek w la nhar rbe7et wallah 7ram 3likom,positive,2018-01-05T19:15:41+0000,https://www.facebook.com/298166859034_10155984027249035
ğŸ˜‚ğŸ˜‚ğŸ˜‚Ø§Ù„Ø¬Ùˆ ÙˆØ§Ù„ÙØ§Ø²Ø§Øª ÙˆØ§Ù„Ù‚ÙØ§Ø²Ø§Øª ÙˆØ§Ù„Ø­Ù„ÙˆÙŠØ§Øª ÙˆÙ‡Ø§Ùƒ Ø§Ù„Ø­ÙˆÙŠØ¬Ø§Øª ÙˆÙ‡Ù„Ù…Ø§ Ø¬Ø±Ø±Ø±Ø±Ø± ÙŠØ§ Ø¨Ø´Ø±ğŸ˜‚ğŸ˜‚ğŸ˜‚ğŸ˜‚ğŸ˜‚ğŸ˜‚,positive,2018-01-05T19:49:35+0000,https://www.facebook.com/298166859034_10155984027249035
"Ø«Ù…Ø© Ø®Ø·Ø£ ÙÙŠ Ø§Ù„ØµÙˆØ±Ø© Ø§Ù„Ù„ÙŠ Ø±Ø§Ø¨Ø­ÙŠÙ† ÙƒØ§Ø±Ø·Ø© Ø¨ 30 Ø­Ø§Ø·ÙŠÙ†ÙŠÙ„Ù‡Ù… 20 ÙÙŠ Ø§Ù„ÙƒØªÙŠØ¨Ø© Ùˆ Ø§Ù„Ù„ÙŠ Ø±Ø§Ø¨Ø­ÙŠÙ† 20 Ø­Ø§Ø·ÙŠÙ†ÙŠÙ„Ù‡Ù… 30
Ø¹Ø§Ù„ÙØ§Ø²Ø© Ù‡Ø°Ù‡ Ù„Ø§Ø²Ù… Ù†Ø±Ø¨Ø­ ØªØ§Ù„ÙŠÙÙˆÙ† ğŸ˜‚ğŸ˜‚ğŸ˜‚",positive,2018-01-06T08:35:48+0000,https://www.facebook.com/298166859034_10155984027249035
"ÙŠÙ‚Ù„Ø¨ Ù…Ø®Ø§Ø®ÙƒÙ… 
Ø§Ù„ÙƒØ§Ø±Ø·Ø© Ø¨Ùˆ 20 Ø­Ø§Ø·ÙŠÙ†Ù‡Ø§ Ø¹Ù„Ù‰ ØªØµÙˆÙŠØ±Ø© Ø§Ù„ÙØ§ÙŠØ²ÙŠÙ† Ø¨Ø§Ù„ÙƒØ§Ø±Ø·Ø© Ø¨Ùˆ 30 Ùˆ Ø§Ù„Ø¹ÙƒØ³ ØµØ­ÙŠØ­ ğŸ˜‚ğŸ˜‚",positive,2018-01-05T20:33:36+0000,https://www.facebook.com/298166859034_10155984027249035
ena mafhemtech winhom jeux elli ycharkou fihom w yarb7o ena marit 7ata jeux nara ken di reb7in,positive,2018-01-05T19:04:30+0000,https://www.facebook.com/298166859034_10155984027249035
El lotof 9ad mencharek w chay. Dima chay7Ã  na3ref. zahri. 7aja mechi jdida,positive,2018-01-06T17:29:53+0000,https://www.facebook.com/298166859034_10155984027249035
Y orange blehi reb7ouni ani dima ncharek ti mouche l dharoura tlf 7etta recharge b 20d yezi hh,positive,2018-01-06T08:43:45+0000,https://www.facebook.com/298166859034_10155984027249035
Chnamll Bach n5aden bien f d'ar w na9ssni kan wefi kifahh b areb bellhi,positive,2018-01-05T19:59:35+0000,https://www.facebook.com/298166859034_10155982874084035
Orange mazel fly box 25g,positive,2018-01-07T21:56:35+0000,https://www.facebook.com/298166859034_10155982874084035
salem. 9adeh bech twali facture cle 4g max. kont n5ales 25 dt,positive,2018-01-05T16:08:06+0000,https://www.facebook.com/298166859034_10155982874084035
salut.. comment faire l'inscription mobimoney.?,positive,2018-01-05T15:43:49+0000,https://www.facebook.com/298166859034_10155982874084035
Kifeh mafhamtech,positive,2018-01-07T18:07:35+0000,https://www.facebook.com/298166859034_10155982874084035
Chnoua rÃ©sultat ta3 9or3a,positive,2018-01-05T17:29:07+0000,https://www.facebook.com/298166859034_10155982874084035
Na7ab narba7 hhhhh,positive,2018-01-05T16:01:38+0000,https://www.facebook.com/298166859034_10155982874084035
,positive,2018-01-05T10:20:12+0000,https://www.facebook.com/298166859034_10155982874084035
Ù…Ø±Ø³ÙŠ orange Ùˆ Ø¨Ø±Ø§Ø³ ÙˆØ§Ù„Ø¯ÙƒÙ… Ø±Ø¨Ø­ÙˆÙˆÙˆÙˆÙˆÙˆÙˆÙˆÙˆÙˆÙ†ÙŠ,positive,2018-01-05T12:32:50+0000,https://www.facebook.com/298166859034_10155982874084035
,positive,2018-01-06T17:20:04+0000,https://www.facebook.com/298166859034_10155982874084035
,positive,2018-01-06T17:19:50+0000,https://www.facebook.com/298166859034_10155982874084035
,positive,2018-01-06T17:19:35+0000,https://www.facebook.com/298166859034_10155982874084035
,positive,2018-01-06T17:19:29+0000,https://www.facebook.com/298166859034_10155982874084035
,positive,2018-01-06T17:19:20+0000,https://www.facebook.com/298166859034_10155982874084035
,positive,2018-01-06T17:19:24+0000,https://www.facebook.com/298166859034_10155982874084035
,positive,2018-01-06T17:19:59+0000,https://www.facebook.com/298166859034_10155982874084035
Prix frijidar,positive,2018-01-05T17:01:03+0000,https://www.facebook.com/298166859034_10155982874084035
Ui,positive,2018-01-07T03:08:26+0000,https://www.facebook.com/298166859034_10155982874084035
me,positive,2018-01-05T16:41:55+0000,https://www.facebook.com/298166859034_10155982874084035
,positive,2018-01-09T19:13:45+0000,https://www.facebook.com/298166859034_10155982874084035
,positive,2018-01-06T12:28:32+0000,https://www.facebook.com/298166859034_10155982874084035
"Ø¨Ø§Ù„Ù„Ù‡ Ø¹Ù„ÙŠÙƒÙ…  Ø§Ø¹Ù…Ù„Ùˆ Ø­Ù„ 
ÙØ¯ÙŠØª Ù…Ù†ÙƒÙ… 
4 ÙØ§ÙŠØ³Ø¨ÙˆÙƒ ØªØ£ÙƒÙ„ Ø§ÙƒØ«Ø± Ù…Ù† 1G ÙˆÙ‡Ø°Ø§ Ù„ÙƒÙ„ Ù†Ø³ØªØ¹Ù…Ù„ ÙÙŠ Ø§Ù„Ø¨ÙŠØ³ Ù…ØªØ§Ø¹ÙŠ 
Ø´Ù‡Ø± Ù„ÙØ§Øª 10 G ÙÙŠ 10 Ø§ÙŠØ§Ù…",positive,2018-01-05T00:25:45+0000,https://www.facebook.com/298166859034_10155981320529035
Ù‡Ø°Ø§ ÙƒØ§ÙŠÙ†Ùˆ ÙƒØ§Ù† ÙŠØ¹Ù…Ù„ ÙÙŠ 32453 Ù†ÙŠÙƒØ© Ù…Ø´ Ù…Ø±ÙˆØ­ Ù…Ù† ØµØ§Ù„Ø© Ù…ØªØ¹ Ø³Ø¨ÙˆØ±.... Ø¨Ø±Ø¨ÙŠ Ø¹Ù„Ø§Ø´ Ø¬Ù…Ø§Ø¹Ø© Ø§Ù„Ø¨Ø§Ø¬ Ù‡Ø§Ø°ÙŠ Ø¯ÙŠÙ…Ø§ Ø¹Ù†Ø¯Ù‡Ù… Ø¥ÙŠØ­Ø§Ø¡Ø§Øª Ø¬Ù†Ø³ÙŠØ©ØŸØŸØŸØŸ,positive,2018-01-05T07:06:11+0000,https://www.facebook.com/298166859034_10155981320529035
,positive,2018-01-04T21:51:30+0000,https://www.facebook.com/298166859034_10155981320529035
Ø§Ø°Ø§ÙƒØ© Ø§Ù„Ù…ÙˆØ§Ø·Ù† Ø§Ù„Ù„ÙŠ ÙŠØ³ØªØ¹Ù…Ù„ ÙØ§Ù„Ø§ÙˆØ±ÙˆÙ†Ø¬ ÙŠØ§ Ù…Ø¹Ù„Ù… Ù…Ù„Ø§ Ù…Ù‚ÙˆØµØ§Øª Ø¹Ù†Ø¯ÙŠ Ø²ÙˆØ² Ø¨ÙŠØ³Ø§Øª Ø§ÙˆØ±ÙˆÙ†Ø¬ Ùˆ ØªÙ„ÙŠÙƒÙˆÙ… ÙØ±Ù‚ ÙØ§Ù„ÙƒÙ†Ø³ÙˆÙ…   ÙØ§Ù„ØµÙˆÙ„Ø¯ ÙˆÙ„Ø§ ÙØ§Ù„ÙÙˆØ±ÙÙŠ,positive,2018-01-05T03:04:19+0000,https://www.facebook.com/298166859034_10155981320529035
Ù‡Ù‡Ù‡Ù‡Ù‡ ğŸ˜‚ğŸ˜‚,positive,2018-01-04T19:24:04+0000,https://www.facebook.com/298166859034_10155981320529035
Hhh hatha enty Aniss Bth,positive,2018-01-05T08:44:27+0000,https://www.facebook.com/298166859034_10155981320529035
Arij Hammouda intyy hier hhhhh :D,positive,2018-01-04T19:37:27+0000,https://www.facebook.com/298166859034_10155981320529035
,positive,2018-01-05T21:08:24+0000,https://www.facebook.com/298166859034_10155981320529035
AsÃ§il D'h hadha enta ki to5rej min 3and l 8azal,positive,2018-01-05T17:32:47+0000,https://www.facebook.com/298166859034_10155981320529035
Ki nbda mrawa7 mel 7ammem,positive,2018-01-04T19:04:30+0000,https://www.facebook.com/298166859034_10155981320529035
ÙˆØ³Ø§Ø¹Ø§Øª Ù†Ø¨Ø§Øª ØºØ§Ø¯ÙŠ,positive,2018-01-04T18:52:49+0000,https://www.facebook.com/298166859034_10155981320529035
,positive,2018-01-04T18:53:29+0000,https://www.facebook.com/298166859034_10155981320529035
Ø´Ø¨ÙŠÙ‡ ÙÙ‡Ù…ÙˆÙ†ÙŠ,positive,2018-01-04T19:31:41+0000,https://www.facebook.com/298166859034_10155981320529035
Chayma Ben Hamida hhh ta meilleure sÃ©ance hhhğŸ˜‚ğŸ˜‚,positive,2018-01-04T19:38:36+0000,https://www.facebook.com/298166859034_10155981320529035
ğŸ˜‚ğŸ˜„ğŸ˜†,positive,2018-01-04T18:54:07+0000,https://www.facebook.com/298166859034_10155981320529035
,positive,2018-01-09T19:14:08+0000,https://www.facebook.com/298166859034_10155981320529035
,positive,2018-01-05T17:38:07+0000,https://www.facebook.com/298166859034_10155981320529035
,positive,2018-01-05T17:37:30+0000,https://www.facebook.com/298166859034_10155981320529035
,positive,2018-01-05T17:36:50+0000,https://www.facebook.com/298166859034_10155981320529035
,positive,2018-01-05T17:36:08+0000,https://www.facebook.com/298166859034_10155981320529035
Na menhom,positive,2018-01-04T18:57:32+0000,https://www.facebook.com/298166859034_10155981320529035
Hhhhhh,positive,2018-01-06T12:10:57+0000,https://www.facebook.com/298166859034_10155981320529035
ğŸ˜‚ğŸ˜‚ğŸ˜‚ğŸ˜‚ğŸ˜‚ğŸ˜‚ğŸ˜‚,positive,2018-01-04T22:58:32+0000,https://www.facebook.com/298166859034_10155981320529035
Ù‡Ù‡Ù‡Ù‡,positive,2018-01-04T18:53:09+0000,https://www.facebook.com/298166859034_10155981320529035
Yasmine Hamila hhhhhh tetthaker,positive,2018-01-04T22:05:02+0000,https://www.facebook.com/298166859034_10155981320529035
Ø§Ù†Ø´Ø§Ø¡ Ø§Ù„Ù„Ù‡ Ø§Ù„Ù…Ø±Ø© Ø§Ù„Ø¬Ø§ÙŠØ© Ø§Ù† Ø´Ø§Ø±Ùƒ,positive,2018-01-04T23:08:56+0000,https://www.facebook.com/298166859034_10155981012174035
Dima ntabaa w 3omri marbaht chy kifh narbah brabi?,positive,2018-01-04T16:34:46+0000,https://www.facebook.com/298166859034_10155981012174035
Ù†Ø­Ø¨ Ù†Ø±Ø¨Ø­ Ù…Ø±Ø§ ÙÙŠ Ø­ÙŠØ§ØªÙŠ,positive,2018-01-04T16:47:42+0000,https://www.facebook.com/298166859034_10155981012174035
Haw lebess  fel orangÃ© 7atta houwa ğŸ˜¶ğŸ˜‚ğŸ˜‚ğŸ˜‚,positive,2018-01-04T16:46:31+0000,https://www.facebook.com/298166859034_10155981012174035
belleh kifech ennajem nerbah*,positive,2018-01-08T10:28:13+0000,https://www.facebook.com/298166859034_10155981012174035
I love orange winchallah narba7,positive,2018-01-05T14:36:15+0000,https://www.facebook.com/298166859034_10155981012174035
Ù†Ø­Ø¨ Ù†Ø±Ø¨Ø­ Ù…Ø±Ø§ ÙÙŠ Ø­ÙŠØ§ØªÙŠ,positive,2018-01-04T17:03:34+0000,https://www.facebook.com/298166859034_10155981012174035
Ø´Ø¨ÙŠ Ù†Ø­Ù†Ø§ Ù„Ø§ Ù…Ø±Ø© Ø­Ø§Ù„ÙÙ†Ø§ Ø§Ù„Ø­Ø¸,positive,2018-01-04T16:47:46+0000,https://www.facebook.com/298166859034_10155981012174035
Kach nerba7,positive,2018-01-04T16:44:21+0000,https://www.facebook.com/298166859034_10155981012174035
Ø¨Ø±Ø¨ÙŠ ÙÙŠ Ø¨ÙˆØªÙŠÙƒ Ø£Ø±ÙˆÙ†Ø¬ ØªØ¨ÙŠØ¹ÙˆØ§ Ø¨ÙŠ Ù‡ÙˆØ§ØªÙ Ø¨Ø§Ù„ØªÙ‚Ø³ÙŠØ· ØŸ,positive,2018-01-04T21:48:16+0000,https://www.facebook.com/298166859034_10155981012174035
masabb nrrbeh ;),positive,2018-01-04T16:25:15+0000,https://www.facebook.com/298166859034_10155981012174035
In7ab nirba7 7at nee kifah,positive,2018-01-04T16:22:41+0000,https://www.facebook.com/298166859034_10155981012174035
Kifeh nerbah,positive,2018-01-04T16:38:55+0000,https://www.facebook.com/298166859034_10155981012174035
Ù†Ø­Ø¨ Ù†Ø±Ø¨Ø­,positive,2018-01-04T16:38:50+0000,https://www.facebook.com/298166859034_10155981012174035
N7eb w kifech ??,positive,2018-01-04T16:33:40+0000,https://www.facebook.com/298166859034_10155981012174035
Ana in7eb erba7 m3aaaakom,positive,2018-01-04T16:25:06+0000,https://www.facebook.com/298166859034_10155981012174035
Kifeh nerbah ???,positive,2018-01-04T16:22:14+0000,https://www.facebook.com/298166859034_10155981012174035
Ù‡Ù†ÙŠ Ù†ØªØ¨Ø¹,positive,2018-01-06T21:48:05+0000,https://www.facebook.com/298166859034_10155981012174035
ÙƒÙŠÙØ§Ø´ Ù†Ù„Ø¹Ø¨,positive,2018-01-06T21:15:10+0000,https://www.facebook.com/298166859034_10155981012174035
Kifehh nsherik fi jeux,positive,2018-01-06T19:45:33+0000,https://www.facebook.com/298166859034_10155981012174035
Slm brabi n7eb nerba7,positive,2018-01-05T07:18:26+0000,https://www.facebook.com/298166859034_10155981012174035
Ù†Ø­Ø¨ Ù†Ø±Ø¨Ø­,positive,2018-01-05T06:17:06+0000,https://www.facebook.com/298166859034_10155981012174035
Famech points merci ğŸ˜ŸğŸ˜ŸğŸ˜ŸğŸ˜ŸğŸ˜Ÿ,positive,2018-01-04T23:55:22+0000,https://www.facebook.com/298166859034_10155981012174035
Ù†Ø­Ø¨ Ù†Ø´Ø§Ø±Ùƒ ÙˆÙ†Ø±Ø¨Ø­ Ù…Ø¹Ø§ÙƒÙ…,positive,2018-01-04T21:52:22+0000,https://www.facebook.com/298166859034_10155981012174035
Wa9teh lcadeau jey ??,positive,2018-01-04T17:04:08+0000,https://www.facebook.com/298166859034_10155981012174035
kifech najem nchof les point nta3i ranh 3malet *112# w majani chay aidÃ© moi svp ???,positive,2018-01-04T11:03:07+0000,https://www.facebook.com/298166859034_10155980342304035
ÙˆØ§Ù„Ù„Ù‡ ÙÙŠÙƒ Ø§Ù„Ø¹Ø¬Ø¨ ÙˆØ§Ù„Ø§Ø³ØªØºØ±Ø§Ø¨ Ø§ÙˆØ±Ù†Ø¬ ØªÙˆÙ†Ø³ Ø¹Ù†Ø¯Ù…Ø§ Ø°Ù‡Ø¨Øª Ø¥Ù„Ù‰ Ù…ØºØ§Ø²Ø© Ø§Ù„ÙƒØ±Ù… Ù„Ø´Ø±Ø§Ø¡ Ù‡Ø§ØªÙ Ù…Ù† Ø¹Ù†Ø¯ÙƒÙ… Ø¨Ø§Ù„ØªÙØµÙŠÙ„ Ø¹Ø±Ø¶ØªÙ†ÙŠ Ø§Ù„Ù…Ù…Ø«Ù„Ø© Ø§Ù„ØªØ¬Ø§Ø±ÙŠØ© Ù„Ù„Ø´Ø±ÙƒØ© Ø§Ù„Ù…Ù„Ø¹ÙˆÙ†Ø© Ù‚Ø§ØªÙ„ÙŠ Ø¨Ø§Ø¨ ÙŠÙ„Ø²Ù…Ùƒ ØªØ¯ÙØ¹ Ù„Ù†Ø§ 569 Ø«Ù…Ù† Ø§Ù„Ù‡Ø§ØªÙ Ø§Ù„Ù…Ø­Ù…ÙˆÙ„ Ø¨Ø§Ù„ÙƒØ§Ù…Ù„ ÙˆØªÙˆ Ø¥Ø­Ù†Ø§ Ø§Ù†ØµØ¨ÙˆÙ„Ùƒ Ø§Ø´ÙˆÙŠØ§ Ù…ÙƒØ§Ù„Ù…Ø§Øª Ù…Ø¬Ø§Ù†ÙŠÙ‡ ÙˆØ§Ø´ÙˆÙŠØ§ Ø§Ù†ØªØ±Ù†Ø§Øª Ø´Ø±ÙƒØ§Øª Ø§Ù„Ø§ØªØµØ§Ù„Ø§Øª ÙÙŠ ØªÙˆÙ†Ø³ ÙƒÙ„Ù‡Ù… Ø²ÙŠØ±Ùˆ,positive,2018-01-05T11:31:18+0000,https://www.facebook.com/298166859034_10155980342304035
"Ø³Ù„Ø§Ù… 
Ø¨Ø§Ù„Ù„Ù‡ Ø­Ø¨ÙŠØª Ù†Ø³Ø¥Ù„ ÙÙ…Ø§Ø´ clÃ© orange illimitÃ© Ø¨Ø³ÙˆÙ… Ù…Ø¹Ù‚ÙˆÙ„
Ø®Ø§Ø·Ø± ÙˆØ§Ù„Ù„Ù‡ Ù„Ø§ Ø¹Ø§Ø¯ Ø´Ø§Ø¯Ø© Ù„Ø§ 2Ø¬ÙŠØºØ§ ÙˆÙ„Ø§ 10Ø¬ÙŠØºØ§
Ù…Ø´ÙƒÙˆØ±Ø¨Ù†",positive,2018-01-05T11:04:05+0000,https://www.facebook.com/298166859034_10155980342304035
Brabi reponse ta3 jeux challenge wa9tch,positive,2018-01-04T13:52:04+0000,https://www.facebook.com/298166859034_10155980342304035
Belahi n7eb nab3eth flous min taliphon il taliphon a5er kifrch b rabi,positive,2018-01-05T20:00:32+0000,https://www.facebook.com/298166859034_10155980342304035
3ndi point merci enjem enbedel bihom telifoune,positive,2018-01-04T10:30:12+0000,https://www.facebook.com/298166859034_10155980342304035
Le code pour voir combien jai de points merci,positive,2018-01-04T10:50:50+0000,https://www.facebook.com/298166859034_10155980342304035
kifech na5eth tlf bi dafw3a min orange,positive,2018-01-05T21:26:58+0000,https://www.facebook.com/298166859034_10155980342304035
najem bel facilitÃ©,positive,2018-01-04T10:35:34+0000,https://www.facebook.com/298166859034_10155980342304035
Jawbni prv svp,positive,2018-01-05T10:36:17+0000,https://www.facebook.com/298166859034_10155980342304035
Wa9tech 9or3a  ta3 my orange,positive,2018-01-04T12:09:29+0000,https://www.facebook.com/298166859034_10155980342304035
Orange ÙˆÙ‚ØªØ§Ø´ Ù‚Ø±Ø¹Ø© my orange ?,positive,2018-01-04T12:02:55+0000,https://www.facebook.com/298166859034_10155980342304035
Ù…Ù…ÙƒÙ† Ø§Ù„Ø´Ø±Ø§Ø¡ Ø¨Ø§Ù„ØªÙ‚Ø³ÙŠØ·ØŸØŸ,positive,2018-01-04T10:17:21+0000,https://www.facebook.com/298166859034_10155980342304035
ana ilgit  820 point kifeh tawa indir,positive,2018-01-04T14:40:31+0000,https://www.facebook.com/298166859034_10155980342304035
ÙƒÙ‚Ø§Ù‡ Ù†Ø±Ø¨ÙŠØ­,positive,2018-01-08T17:26:55+0000,https://www.facebook.com/298166859034_10155980342304035
Kifeh najem nchof piut,positive,2018-01-04T10:43:40+0000,https://www.facebook.com/298166859034_10155980342304035
ÙˆÙ‚ØªØ§Ø´ Ø§Ù„Ù‚Ø±Ø¹Ø©,positive,2018-01-06T21:18:00+0000,https://www.facebook.com/298166859034_10155980342304035
2999dt,positive,2018-01-05T17:15:53+0000,https://www.facebook.com/298166859034_10155980342304035
Momken.nahri.betaksit,positive,2018-01-04T11:57:10+0000,https://www.facebook.com/298166859034_10155980342304035
B 9adech hatha belahi,positive,2018-01-04T10:29:54+0000,https://www.facebook.com/298166859034_10155980342304035
prix,positive,2018-01-05T17:13:07+0000,https://www.facebook.com/298166859034_10155980342304035
Prix,positive,2018-01-05T14:00:10+0000,https://www.facebook.com/298166859034_10155980342304035
Soum,positive,2018-01-04T10:26:14+0000,https://www.facebook.com/298166859034_10155980342304035
Ù…Ù…ÙƒÙ† Ø§Ù„Ø´Ø±Ø§Ø¡ Ø¨Ø§Ù„ØªÙ‚Ø³ÙŠØ· ÙˆÙƒÙŠÙØ´,positive,2018-01-04T13:42:18+0000,https://www.facebook.com/298166859034_10155980342304035
le prix de note 8,positive,2018-01-05T16:33:05+0000,https://www.facebook.com/298166859034_10155980342304035
"Ø±Ø¨ÙŠ ÙŠÙˆÙÙ‚Ùƒ ÙŠÙˆØ³Ù ÙˆÙŠÙˆÙÙ‚ Ø§Ù„Ù…Ù†ØªØ®Ø¨ Ø§Ù„ØªÙˆÙ†Ø³ÙŠ 
Ø§Ù…Ø§ Ø±Ø§Ùƒ ÙˆÙ„Ø¯ Ø§Ù„Ø¨Ù‚Ù„Ø§ÙˆØ© ÙˆÙƒØ¨Ø±Øª ÙÙŠ Ø§Ù„Ø¨Ù‚Ù„Ø§ÙˆØ© 
... ğŸ¤”ğŸ˜",positive,2018-01-03T19:24:40+0000,https://www.facebook.com/298166859034_10155978818784035
3ame Jay ihtiyati fi css,positive,2018-01-04T18:46:27+0000,https://www.facebook.com/298166859034_10155978818784035
Il changera peut Ãªtre de banque mais jamais de club.,positive,2018-01-04T06:51:35+0000,https://www.facebook.com/298166859034_10155978818784035
â™¥â™¥â™¥,positive,2018-01-04T06:09:24+0000,https://www.facebook.com/298166859034_10155978818784035
Mala messi bech na3ref jididou,positive,2018-01-04T10:37:23+0000,https://www.facebook.com/298166859034_10155978818784035
â¤ï¸,positive,2018-01-03T21:05:19+0000,https://www.facebook.com/298166859034_10155978818784035
Ù†Ù…Ø³,positive,2018-01-03T20:34:12+0000,https://www.facebook.com/298166859034_10155978818784035
Ya777777777 flop,positive,2018-01-04T03:11:07+0000,https://www.facebook.com/298166859034_10155978818784035
,positive,2018-01-09T19:15:10+0000,https://www.facebook.com/298166859034_10155978818784035
Seif Weslati le cadrage HHHHHHHHHHHHHHHHHHHHHHHHHHHHHHHHHHHHHHHHHHHHHHHHHHH,positive,2018-01-03T20:02:09+0000,https://www.facebook.com/298166859034_10155978818784035
brjoulia m3alm sa7bi,positive,2018-01-04T08:14:42+0000,https://www.facebook.com/298166859034_10155978818784035
Ala Eddine Hamrouni,positive,2018-01-03T23:39:00+0000,https://www.facebook.com/298166859034_10155978818784035
Bsr brabi fama offre appel illimitÃ© chhar kÃ©ml?si oui b 9adÃ©ch w kifech na3mlha ?,positive,2018-01-03T19:18:15+0000,https://www.facebook.com/298166859034_10155977679374035
Bnj orange kifech na3ref les points t3i,positive,2018-01-03T20:35:20+0000,https://www.facebook.com/298166859034_10155977679374035
Brabi 3ndi flybox wa7ed barka ou ki 29 d o ki no5edh o5er bgidech,positive,2018-01-03T19:06:00+0000,https://www.facebook.com/298166859034_10155977679374035
Bonjour orange 3lech ki notlb mathzoch,positive,2018-01-03T10:12:17+0000,https://www.facebook.com/298166859034_10155977679374035
9adeh yelzm men points bech ne5ou telifoun,positive,2018-01-04T12:00:57+0000,https://www.facebook.com/298166859034_10155977679374035
belehi jewebni ya orange,positive,2018-01-03T18:52:49+0000,https://www.facebook.com/298166859034_10155977679374035
Ø´ÙƒÙˆÙ† Ø±Ø¨Ø­  ÙÙŠ Ù„Ø¹Ø¨Ø© Ù‡Ø¯ÙŠ,positive,2018-01-03T11:05:51+0000,https://www.facebook.com/298166859034_10155977679374035
Kifache na3rif les point ta3i,positive,2018-01-03T22:26:03+0000,https://www.facebook.com/298166859034_10155977679374035
ÙƒÙŠÙ Ø£Ø¹Ø±Ù Ù†Ù‚Ø·Ø© Ø¨ÙˆÙ†ÙŠØ² Ø´Ø­Ø§Ù„ Ø¹Ù†Ø¯ÙŠ,positive,2018-01-03T11:30:40+0000,https://www.facebook.com/298166859034_10155977679374035
ENA 3andi 70000 point 9dech ijbo flos,positive,2018-01-03T10:10:13+0000,https://www.facebook.com/298166859034_10155977679374035
Pouvez-vous me dÃ©sactiver ces messages svp ?,positive,2018-01-04T16:18:10+0000,https://www.facebook.com/298166859034_10155977679374035
Chbi waldikom orange?!!! La nhar taamlo haja tenfaa3!,positive,2018-01-03T16:31:17+0000,https://www.facebook.com/298166859034_10155977679374035
Yeser tsr9ou 1G matchedch hÃ¢ta jem3a,positive,2018-01-03T22:07:24+0000,https://www.facebook.com/298166859034_10155977679374035
,positive,2018-01-05T21:35:14+0000,https://www.facebook.com/298166859034_10155977679374035
Wehed ma l9ach bech ydalel ro7ou bech ydour ydalel shabou hhh :'(,positive,2018-01-03T11:45:35+0000,https://www.facebook.com/298166859034_10155977679374035
Ø±ÙˆØ³ÙŠØ§Ø§Ø§,positive,2018-01-03T11:08:21+0000,https://www.facebook.com/298166859034_10155977679374035
,positive,2018-01-04T21:02:32+0000,https://www.facebook.com/298166859034_10155977679374035
,positive,2018-01-03T11:57:00+0000,https://www.facebook.com/298166859034_10155977679374035
*112*3#,positive,2018-01-07T03:01:05+0000,https://www.facebook.com/298166859034_10155977679374035
Ù…Ø§Ø¹Ù†Ø§Ø´ Ø§Ù„Ø­Ù‚ ÙÙŠ Ø§Ù„Ø±Ø¨Ø­,positive,2018-01-03T12:02:10+0000,https://www.facebook.com/298166859034_10155977679374035
Ok,positive,2018-01-07T03:00:35+0000,https://www.facebook.com/298166859034_10155977679374035
tam,positive,2018-01-04T18:07:17+0000,https://www.facebook.com/298166859034_10155977679374035
,positive,2018-01-09T19:15:26+0000,https://www.facebook.com/298166859034_10155977679374035
*112*3#,positive,2018-01-07T07:05:29+0000,https://www.facebook.com/298166859034_10155977679374035
ÙƒÙŠÙ Ù†Ø´ØªØ±Ùƒ,positive,2018-01-03T22:38:50+0000,https://www.facebook.com/298166859034_10155977679374035
Ø¹Ø³Ù„Ø§Ù…Ø© Ø£ÙˆØ±ÙˆÙ†Ø¬ Ø±Ù‚Ø¯Øª Ù…Ø®Ù„ÙŠ Ø§Ù„ puce Ù…ØªØ§Ø¹ÙŠ Ø£ÙˆØ±ÙˆÙ†Ø¬ Ù‚Ù…Øª Ù†Ù„Ù‚Ø§Ù‡Ø§ ØªØ¨Ø¯Ù„Øª Ø£ÙˆØ±ÙŠØ¯Ùˆ Ø¨Ù„Ø§Ù‡ÙŠ ÙƒÙŠÙØ§Ø´ Ù†Ø¨Ø¯Ù„Ù‡Ø§ ØªÙ„ÙŠÙƒÙˆÙ…,positive,2018-01-02T19:16:17+0000,https://www.facebook.com/298166859034_10155976149264035
"Ø§ÙˆØ±ÙˆÙ†Ø¬ Ù†Ø­Ø¨ Ù†Ù‚Ù„ÙƒÙ… Ø¹ÙŠØ´ÙƒÙ… Ø®Ø§ØªØ± Ø§Ù†ØªÙˆÙ…Ø§ Ø§Ù„ÙˆØ­Ø¯ÙŠÙ†

ØªØªÙÙƒØ±ÙˆÙ†ÙŠ
ØªØ¹ÙŠØ¯Ùˆ Ø¹Ù„ÙŠØ§ Ù‚Ø¨Ù„ Ø¹ÙŠÙ„ØªÙŠ
Ùˆ Ù…Ø¨Ø¹Ø¯ ØªØ¨Ø¹Ø«ÙˆÙ„ÙŠ Ù…ÙŠØ³Ø§Ø¬ ØªÙ‚ÙˆÙ„ÙˆÙ„ÙŠ Ø±Ø§Ù‡Ùˆ ÙÙ„ÙˆØ³Ùƒ ÙˆÙØ§Ùˆ
ØªØ¹Ø±Ù Ø§Ù„ÙŠ Ø§Ù†Ø§ Ù…Ø¨Ø§Ø±Ø­ ØµØ¨ÙŠØª Ø¯ÙŠÙ†Ø§Ø± ÙŠØ§Ø®ÙŠ Ø³Ø±Ù‚ØªÙˆÙ‡ ØªØ¹Ø±ÙÙˆÙˆÙˆÙˆÙˆ...ğŸ˜ ğŸ˜ 
Ù…ØµØ­ Ø§Ù„Ø±Ù‚Ø¹Ø© ğŸ˜‘
ÙƒØ§Ù† Ø¬ÙŠØª Ø§Ù†Ø¬Ù… Ù†Ù‚ØªÙ„ ÙˆØ§Ø­Ø¯ Ø±Ø§Ù†ÙŠ Ù…Ø´ÙŠØª Ø·ÙˆÙ„ Ø§Ù†Ù„ÙˆØ¬ Ø§Ù„ÙŠ ÙŠØ¨Ø¹Ø«Ù„ÙŠ Ù…Ø³Ø§Ø¬ ÙŠÙ‚Ù„ÙŠ ÙÙŠÙ‡ Ø±Ø§Ù‡Ùˆ ÙÙ„ÙˆØ³Ùƒ ÙˆÙØ§ÙˆğŸ˜ˆ
Ùˆ Ø´ÙƒØ±Ø§ .....
Ù…Ù† Ø¯ÙˆÙ† ØªØµÙÙŠÙ‚ ğŸ˜‚ğŸ˜‚",positive,2018-01-02T19:43:48+0000,https://www.facebook.com/298166859034_10155976149264035
orange akther nes tesra9 tsob dinar bel bonus 7000 ta3mel talifoun 5 min max t9olek wfew tlabthom 9oltelhom nsob dinar nel9ahech 9atli nn tkalamt bihom hhhhh 9oltelha nheb na3mel reclamation 9atli nn na3melech ama lebhima hoslet car msajalha w hia 9atli esmha w la9ab,positive,2018-01-03T09:12:04+0000,https://www.facebook.com/298166859034_10155976149264035
Slm orange elyoum 3adet fourfi 900 ta3 7 jour tan7tli 1800 maya a3lech na7touhem dima tasrli hadi,positive,2018-01-02T19:00:49+0000,https://www.facebook.com/298166859034_10155976149264035
Ø§Ù†Ø§ Ø¨Ø¹Ø«ØªÙ„ÙƒÙ… Ù‚Ø¯Ø§Ø´ Ù…Ø³Ø§Ø¬ Ù…Ø§Ø¬Ø§ÙˆØ¨ØªÙˆÙ†ÙŠØ´ ÙˆØ¨Ø¹Ø«ØªÙ„ÙƒÙ… Ù†ÙˆÙ…Ø±Ùˆ Ù…ØªØ§Ø¹ÙŠ ÙˆÙ…Ù‚Ø¶ÙŠØªÙˆØ´ Ø­Ø§Ø¬ØªÙŠ,positive,2018-01-03T09:47:50+0000,https://www.facebook.com/298166859034_10155976149264035
Brabi orange pk l connexion ma t7ebech temchili kan fcbk 7ata le messenger ma najemtech na3mlelha tÃ©lÃ©chargement en plus le play store ma 7abech chniya ilmochkla brabi,positive,2018-01-02T20:37:47+0000,https://www.facebook.com/298166859034_10155976149264035
"Bara taw kol we7ed bech t8ochou luminositÃ© mte3ou ğŸ˜‚ğŸ˜‚ ena n9oul ""C""",positive,2018-01-02T20:10:01+0000,https://www.facebook.com/298166859034_10155976149264035
"Ø§Ø±ÙˆÙ†Ø­ Ù…Ø±Ø³Ø³ÙŠ Ø¹Ù„Ø®Ø± Ø¹Ù„Ø®Ø± ÙˆØ§Ù„Ù„Ù‡ ğŸ’—ğŸ’—ğŸ’—ğŸ’—ğŸ’–ğŸ’–ğŸ’– 
Ø®Ø§Ø·Ø± Ø¨Ù„Ø­Ù‚ Ù…Ø§ ÙŠØªÙÙƒØ±Ù†ÙŠ Ø­Ø¯ ÙƒØ§Ù† Ø§Ù†ØªÙŠ 
Ùˆ ÙƒÙˆÙ†ÙƒØ³ÙŠÙˆÙ† Ù…ØªØ§Ø¹Ùƒ Ø¹Ø³Ù„ ØªØ´Ø¯Ù„ÙŠ Ø¨3 Ø¬Ù…Ø¹Ø§Øª 
ÙˆØ§Ù‡Ù… Ø­Ø§Ø¬Ù‡ Ø§Ù†Ùˆ ÙƒÙŠ ÙŠØ·Ù„Ø¨Ù†ÙŠ Ø´ÙƒÙˆÙ† Ù…ÙŠÙÙŠÙ‚Ø§Ø´ Ø¨ÙŠØ§ ÙƒÙ†Øª Ù†Ø­ÙƒÙŠ Ù„Ø§ ØªØ¬ÙŠÙ‡ Ø§ÙˆÙƒÙŠØ¨ÙŠ ÙˆÙ„Ø§ Ø§Ù† Ø§ØªÙˆÙ†Øª :* :* Ø±Ø¨ÙŠ ÙŠØ®Ù„ÙŠÙƒÙ… Ø§Ù…Ø§ Ø¨Ù„Ø§Ù‡ÙŠ Ù†Ù‚ØµÙˆ Ø´ÙˆÙŠ Ù…Ù† Ù…ÙŠØ³Ø§Ø¬Ø§Øª Ù…ØªØ§Ø¹ Ù…Ø³Ø§Ø·Ù‡ Ù‡Ùˆ Ø§Ù†ØªØ®Ø§Ø¨Ø§Øª Ù‡Ùˆ Ø¹ÙŠØ¯ Ø´Ø¬Ø±Ù‡ Ù‡Ùˆ Ø§Ø³ØªÙ‚Ù„Ø§Ù„ 
Ø§Ù…Ø§ Ø¨Ù„Ø§Ù‡ÙŠ Ù„Ø§ ØªÙ†Ø³Ø§Ù†ÙŠ ÙÙŠ Ø¹ÙŠØ¯ Ù„Ø­Ø¨ :*",positive,2018-01-02T20:19:17+0000,https://www.facebook.com/298166859034_10155976149264035
Ø§Ù„Ø·Ø¨ÙŠØ¨ ÙŠØ¯Ø§ÙˆÙŠ ÙˆØ§Ù„ÙØ±Ø¬ Ø¹Ù„Ù‰ Ø±Ø¨ÙŠ de quelle couleur est le carrÃ© ğŸ˜‚ğŸ˜‚ğŸ˜‚ğŸ˜‚ğŸ˜‚ğŸ˜‚ğŸ˜‚ğŸ…ğŸ…ğŸ…,positive,2018-01-02T19:09:48+0000,https://www.facebook.com/298166859034_10155976149264035
ÙƒØ§Ù† ÙƒØ°Ø¨ ÙÙŠÙƒÙ… ÙŠØ§Ø§ÙˆØ±Ù†Ø¬ Ø²Ø¹Ù… Ø²Ø¹Ù… ØªØ­Ø¨ ØªÙØ±Ù‡Ø¯ÙˆÙ† ÙˆØªÙØ±Ø­ÙˆÙ† ÙˆÙ†Ù‡Ø§Ø± Ø§Ù„ÙƒÙ„ ØªØ¨Ø¹Ø«ÙˆÙ„ÙˆÙ† ÙÙŠ Ø§Ù„Ù…ÙŠØ³Ø¬Ø§Øª Ø¹Ù„Ø§Ø´ ØªÙƒØ°Ø¨ÙˆØ§ Ù‚ÙˆÙ„ÙˆØ§ Ø§Ù„Ø­Ù‚ÙŠÙ‚Ø©Ø¯,positive,2018-01-03T22:16:21+0000,https://www.facebook.com/298166859034_10155976149264035
Ø¹Ù„Ø§Ù…Ø© Ø£ÙˆØ±Ù†Ø¬ Ø£Ø®ÙŠ Ø¨Ø¯Ù„ØªÙ„ÙŠ Ø§Ù„Ø¨ÙŠØ³ Ø£ÙˆØ±ÙŠØ¯Ùˆ ÙŠØ§ Ø®ÙŠ ÙƒÙŠ Ø­Ù„ÙŠØªÙ‡Ø§ Ù„Ù‚ÙŠØªÙ‡Ø§ Ù‡ÙˆØ±Ù†Ø¬ Ù…Ø§ÙÙ‡Ù…Øª Ø´ÙŠØ¡,positive,2018-01-02T21:23:16+0000,https://www.facebook.com/298166859034_10155976149264035
Bon Orange pk la connexion t7bch temchi Ken Facebook ama YouTube t7ebechğŸ˜¤ğŸ˜¤ğŸ˜² plzzz gedou connexion  c'est rien okğŸ¤—ğŸ¤—,positive,2018-01-02T20:47:32+0000,https://www.facebook.com/298166859034_10155976149264035
3aslma orange belhy n7eb na3ref 3lach ne7etow barcha 7ajet kanow mawjodin fel offert d'appelle any wa7da mens 5alwony nkon men 7ourfkom wtaw bsar7a walit nlawej 3lla ay 5admt o5ra tsa3edny,positive,2018-01-02T21:43:12+0000,https://www.facebook.com/298166859034_10155976149264035
Orange w netmana nhar nerbe7 m3akom na3ref rou7i ezhar yjibou rabi hani m3akom la tansewni,positive,2018-01-03T23:46:06+0000,https://www.facebook.com/298166859034_10155976149264035
Ana 3andi el orange wel Telekom 00000 ok a3azhom tunisiana tay7et 3likom rabi m3aha ..,positive,2018-01-02T20:50:09+0000,https://www.facebook.com/298166859034_10155976149264035
"Ø´ÙƒÙˆÙ† Ø§Ù„ÙŠ Ø¶Ø§Ø±Ø¨Ùˆ Ø§Ù„Ø­ÙˆÙ„ ÙˆÙ„Ø© Ø§Ù„ÙŠ Ø¨Ø§Ù„Ø¹Ùˆ Ø¨Ø§Ø´ ÙŠÙ‚Ù„ÙƒÙ… A ÙˆÙ„Ø© B Ù‡Ù‡Ù‡Ù‡Ù‡Ù‡Ù‡ ÙˆÙ„Ø© Ù…Ø§Ø´ÙŠ ÙÙŠØ¨Ø§Ù„ÙƒÙ… Ø§Ù„Ø´Ø¹Ø¨ ÙƒÙ„Ùˆ Ú¨Ù†Ø§Ù†ÙŠØ·Ùˆ 
Ø¨Ø§Ø² C",positive,2018-01-02T21:34:23+0000,https://www.facebook.com/298166859034_10155976149264035
Orange Orange Orange Orange Orange Orange Orange Orange Orange Orange Orange Orange,positive,2018-01-05T16:48:32+0000,https://www.facebook.com/298166859034_10155976149264035
Ø§Ù„Ø§Ø²Ø±Ù‚,positive,2018-01-02T19:04:03+0000,https://www.facebook.com/298166859034_10155976149264035
C,positive,2018-01-02T19:00:54+0000,https://www.facebook.com/298166859034_10155976149264035
c,positive,2018-01-02T19:05:28+0000,https://www.facebook.com/298166859034_10155976149264035
c c c ğŸ˜ğŸ‘,positive,2018-01-02T19:03:13+0000,https://www.facebook.com/298166859034_10155976149264035
Ø­ØªÙ‰ ÙˆØ§Ø­Ø¯ ğŸ˜’,positive,2018-01-02T19:03:03+0000,https://www.facebook.com/298166859034_10155976149264035
B,positive,2018-01-02T19:06:14+0000,https://www.facebook.com/298166859034_10155976149264035
C,positive,2018-01-02T19:01:56+0000,https://www.facebook.com/298166859034_10155976149264035
C,positive,2018-01-02T18:59:53+0000,https://www.facebook.com/298166859034_10155976149264035
Bonjour brabi chrit flybox 4g mta3 35dt /mois nheb nes2el ye5i yemchi kan 4G wala najem nbadal 3G et merci.,positive,2018-01-03T06:54:13+0000,https://www.facebook.com/298166859034_10155975213409035
,positive,2018-01-02T10:01:39+0000,https://www.facebook.com/298166859034_10155975213409035
Kifech hethi,positive,2018-01-02T10:09:13+0000,https://www.facebook.com/298166859034_10155975213409035
Chnouwa el code??,positive,2018-01-03T17:00:18+0000,https://www.facebook.com/298166859034_10155975213409035
ÙˆÙŠÙ†ÙŠ Ø§Ù„Ù„Ø¹Ø¨Ø© ÙˆØ§Ø´ÙƒÙˆÙ† Ø±Ø¨Ø­Ù‡Ø§,positive,2018-01-02T10:07:00+0000,https://www.facebook.com/298166859034_10155975213409035
Slm braby orange 3ndhaa promo?,positive,2018-01-02T17:08:15+0000,https://www.facebook.com/298166859034_10155975213409035
wel sirka 3ini 3inik chnowa namlo feha !??,positive,2018-01-02T15:03:17+0000,https://www.facebook.com/298166859034_10155975213409035
Merci.oernje,positive,2018-01-02T10:33:32+0000,https://www.facebook.com/298166859034_10155975213409035
Kifach,positive,2018-01-02T10:02:39+0000,https://www.facebook.com/298166859034_10155975213409035
Kifach,positive,2018-01-02T12:50:33+0000,https://www.facebook.com/298166859034_10155975213409035
Slm orange ana 3andi fb parytohouli badlouli mot pass tanjmuo tarj3houli bajhrbi,positive,2018-01-02T18:52:52+0000,https://www.facebook.com/298166859034_10155975213409035
Wino lerba7 fiii jeu,positive,2018-01-02T17:05:27+0000,https://www.facebook.com/298166859034_10155975213409035
ğŸ˜â¤â¤,positive,2018-01-04T19:26:25+0000,https://www.facebook.com/298166859034_10155975213409035
chkoun rbe7??,positive,2018-01-02T19:56:17+0000,https://www.facebook.com/298166859034_10155975213409035
Ø´Ù†ÙˆØ§ Ø§Ù„ÙƒÙˆØ¯ØŸØŸ,positive,2018-01-03T16:58:50+0000,https://www.facebook.com/298166859034_10155975213409035
Orange rebhet,positive,2018-01-02T21:52:09+0000,https://www.facebook.com/298166859034_10155975213409035
Mfhmtech kefech,positive,2018-01-02T12:45:39+0000,https://www.facebook.com/298166859034_10155975213409035
,positive,2018-01-09T19:16:08+0000,https://www.facebook.com/298166859034_10155975213409035
Ù„Ø¹Ø¨Ø© Ø§Ø®ØªØ§Ø± Ø±Ù‚Ù… Ù…Ù† 100Ù„999Ø´ÙƒÙˆÙ† ÙØ§Ø² ÙÙŠÙ‡Ø§ØŸØŸØŸØŸØŸ,positive,2018-01-02T18:31:28+0000,https://www.facebook.com/298166859034_10155975213409035
Merci.oernje,positive,2018-01-02T10:34:09+0000,https://www.facebook.com/298166859034_10155975213409035
itconnecti tirbah itchargi tirbah,positive,2018-01-03T16:24:16+0000,https://www.facebook.com/298166859034_10155975213409035
